#
# There is insufficient memory for the Java Runtime Environment to continue.
# Native memory allocation (mmap) failed to map 65536 bytes. Error detail: Failed to commit metaspace.
# Possible reasons:
#   The system is out of physical RAM or swap space
#   This process is running with CompressedOops enabled, and the Java Heap may be blocking the growth of the native heap
# Possible solutions:
#   Reduce memory load on the system
#   Increase physical memory or swap space
#   Check if swap backing store is full
#   Decrease Java heap size (-Xmx/-Xms)
#   Decrease number of Java threads
#   Decrease Java thread stack sizes (-Xss)
#   Set larger code cache with -XX:ReservedCodeCacheSize=
#   JVM is running with Zero Based Compressed Oops mode in which the Java heap is
#     placed in the first 32GB address space. The Java Heap base address is the
#     maximum limit for the native heap growth. Please use -XX:HeapBaseMinAddress
#     to set the Java Heap base and to place the Java Heap above 32GB virtual address.
# This output file may be truncated or incomplete.
#
#  Out of Memory Error (virtualSpaceNode.cpp:113), pid=17148, tid=10528
#
# JRE version: OpenJDK Runtime Environment (21.0.6) (build 21.0.6+-13391695-b895.109)
# Java VM: OpenJDK 64-Bit Server VM (21.0.6+-13391695-b895.109, mixed mode, tiered, compressed oops, compressed class ptrs, g1 gc, windows-amd64)
# No core dump will be written. Minidumps are not enabled by default on client versions of Windows
#

---------------  S U M M A R Y ------------

Command Line: --add-opens=java.base/java.lang=ALL-UNNAMED --add-opens=java.base/java.lang.invoke=ALL-UNNAMED --add-opens=java.base/java.util=ALL-UNNAMED --add-opens=java.prefs/java.util.prefs=ALL-UNNAMED --add-exports=jdk.compiler/com.sun.tools.javac.api=ALL-UNNAMED --add-exports=jdk.compiler/com.sun.tools.javac.util=ALL-UNNAMED --add-opens=java.base/java.util=ALL-UNNAMED --add-opens=java.prefs/java.util.prefs=ALL-UNNAMED --add-opens=java.base/java.nio.charset=ALL-UNNAMED --add-opens=java.base/java.net=ALL-UNNAMED --add-opens=java.base/java.util.concurrent.atomic=ALL-UNNAMED --add-opens=java.xml/javax.xml.namespace=ALL-UNNAMED -Xmx4g -Dfile.encoding=UTF-8 -Duser.country=US -Duser.language=en -Duser.variant -javaagent:C:\Users\past9\.gradle\wrapper\dists\gradle-8.13-bin\5xuhj0ry160q40clulazy9h7d\gradle-8.13\lib\agents\gradle-instrumentation-agent-8.13.jar org.gradle.launcher.daemon.bootstrap.GradleDaemon 8.13

Host: Intel(R) Core(TM) i3-8145U CPU @ 2.10GHz, 4 cores, 7G,  Windows 11 , 64 bit Build 26100 (10.0.26100.7019)
Time: Wed Dec 10 03:19:33 2025 South Africa Standard Time elapsed time: 455.851844 seconds (0d 0h 7m 35s)

---------------  T H R E A D  ---------------

Current thread (0x0000016ce963e920):  JavaThread "WorkerExecutor Queue"        [_thread_in_vm, id=10528, stack(0x0000005b1f700000,0x0000005b1f800000) (1024K)]

Stack: [0x0000005b1f700000,0x0000005b1f800000]
Native frames: (J=compiled Java code, j=interpreted, Vv=VM code, C=native code)
V  [jvm.dll+0x6d0639]
V  [jvm.dll+0x85eb03]
V  [jvm.dll+0x86105e]
V  [jvm.dll+0x861743]
V  [jvm.dll+0x27e6e6]
V  [jvm.dll+0x8599de]
V  [jvm.dll+0x674055]
V  [jvm.dll+0x1e3131]
V  [jvm.dll+0x1e2efe]
V  [jvm.dll+0x6769a8]
V  [jvm.dll+0x6767e2]
V  [jvm.dll+0x674a4e]
V  [jvm.dll+0x67ea77]
V  [jvm.dll+0x2868ab]
V  [jvm.dll+0x287bd6]
V  [jvm.dll+0x20d66c]
V  [jvm.dll+0x20ce0d]
V  [jvm.dll+0x5b201f]
V  [jvm.dll+0x7d6ac0]
V  [jvm.dll+0x7d6bee]
V  [jvm.dll+0x46eddd]
V  [jvm.dll+0x474728]
C  [java.dll+0x17ec]

Java frames: (J=compiled Java code, j=interpreted, Vv=VM code)
J 831  java.lang.ClassLoader.defineClass1(Ljava/lang/ClassLoader;Ljava/lang/String;[BIILjava/security/ProtectionDomain;Ljava/lang/String;)Ljava/lang/Class; java.base@21.0.6 (0 bytes) @ 0x0000016cd38e2511 [0x0000016cd38e2440+0x00000000000000d1]
J 1498 c1 java.lang.ClassLoader.defineClass(Ljava/lang/String;[BIILjava/security/ProtectionDomain;)Ljava/lang/Class; java.base@21.0.6 (43 bytes) @ 0x0000016ccc093f7c [0x0000016ccc093c20+0x000000000000035c]
J 33027 c1 java.security.SecureClassLoader.defineClass(Ljava/lang/String;[BIILjava/security/CodeSource;)Ljava/lang/Class; java.base@21.0.6 (16 bytes) @ 0x0000016ccc5cc89c [0x0000016ccc5cc7c0+0x00000000000000dc]
J 33048 c1 java.net.URLClassLoader.defineClass(Ljava/lang/String;Ljdk/internal/loader/Resource;)Ljava/lang/Class; java.base@21.0.6 (224 bytes) @ 0x0000016ccbfc5f34 [0x0000016ccbfc4c40+0x00000000000012f4]
J 33051 c1 java.net.URLClassLoader$1.run()Ljava/lang/Class; java.base@21.0.6 (81 bytes) @ 0x0000016ccc53d3cc [0x0000016ccc53d0c0+0x000000000000030c]
J 9386 c2 java.net.URLClassLoader.findClass(Ljava/lang/String;)Ljava/lang/Class; java.base@21.0.6 (47 bytes) @ 0x0000016cd3d07dcc [0x0000016cd3d07d00+0x00000000000000cc]
J 4814 c2 java.lang.ClassLoader.loadClass(Ljava/lang/String;Z)Ljava/lang/Class; java.base@21.0.6 (121 bytes) @ 0x0000016cd3b71a64 [0x0000016cd3b711a0+0x00000000000008c4]
J 4314 c2 java.lang.ClassLoader.loadClass(Ljava/lang/String;)Ljava/lang/Class; java.base@21.0.6 (7 bytes) @ 0x0000016cd3ae3e6c [0x0000016cd3ae3e20+0x000000000000004c]
v  ~StubRoutines::call_stub 0x0000016cd32e100d
j  com.intellij.psi.impl.java.stubs.JavaStubElementTypes.<clinit>()V+190
v  ~StubRoutines::call_stub 0x0000016cd32e100d
j  com.intellij.psi.impl.source.tree.JavaElementType.<clinit>()V+0
v  ~StubRoutines::call_stub 0x0000016cd32e100d
j  com.intellij.psi.impl.source.PsiJavaFileBaseImpl.getPackageStatement()Lcom/intellij/psi/PsiPackageStatement;+4
j  com.intellij.psi.impl.source.PsiJavaFileBaseImpl.lambda$getPackageName$5(Lcom/intellij/psi/impl/source/tree/FileElement;)Ljava/lang/String;+10
j  com.intellij.psi.impl.source.PsiJavaFileBaseImpl$$Lambda+0x0000000801eca608.apply(Ljava/lang/Object;)Ljava/lang/Object;+8
j  com.intellij.psi.impl.source.PsiFileImpl.withGreenStubOrAst(Ljava/lang/Class;Ljava/util/function/Function;Ljava/util/function/Function;)Ljava/lang/Object;+167
j  com.intellij.psi.impl.source.PsiJavaFileBaseImpl.getPackageName()Ljava/lang/String;+14
j  org.jetbrains.kotlin.analysis.api.standalone.base.projectStructure.StandaloneProjectFactory.findJvmRootsForJavaFiles(Ljava/util/List;)Ljava/util/List;+60
j  org.jetbrains.kotlin.analysis.project.structure.impl.KotlinStandaloneProjectStructureProvider.allSourceFiles_delegate$lambda$10(Lorg/jetbrains/kotlin/analysis/project/structure/impl/KotlinStandaloneProjectStructureProvider;)Ljava/util/List;+276
j  org.jetbrains.kotlin.analysis.project.structure.impl.KotlinStandaloneProjectStructureProvider$$Lambda+0x0000000801ec8238.invoke()Ljava/lang/Object;+4
j  kotlin.SynchronizedLazyImpl.getValue()Ljava/lang/Object;+51
j  org.jetbrains.kotlin.analysis.project.structure.impl.KotlinStandaloneProjectStructureProvider.getAllSourceFiles()Ljava/util/List;+6
j  org.jetbrains.kotlin.analysis.api.standalone.base.projectStructure.StandaloneProjectFactory.registerServicesForProjectEnvironment(Lorg/jetbrains/kotlin/cli/jvm/compiler/KotlinCoreProjectEnvironment;Lorg/jetbrains/kotlin/analysis/api/standalone/base/projectStructure/KotlinStaticProjectStructureProvider;Lorg/jetbrains/kotlin/config/LanguageVersionSettings;Ljava/nio/file/Path;)V+109
j  org.jetbrains.kotlin.analysis.api.standalone.base.projectStructure.StandaloneProjectFactory.registerServicesForProjectEnvironment$default(Lorg/jetbrains/kotlin/analysis/api/standalone/base/projectStructure/StandaloneProjectFactory;Lorg/jetbrains/kotlin/cli/jvm/compiler/KotlinCoreProjectEnvironment;Lorg/jetbrains/kotlin/analysis/api/standalone/base/projectStructure/KotlinStaticProjectStructureProvider;Lorg/jetbrains/kotlin/config/LanguageVersionSettings;Ljava/nio/file/Path;ILjava/lang/Object;)V+28
j  org.jetbrains.kotlin.analysis.api.standalone.StandaloneAnalysisAPISessionBuilder.build()Lorg/jetbrains/kotlin/analysis/api/standalone/StandaloneAnalysisAPISession;+28
j  com.android.tools.lint.FirUastEnvironmentKt.createAnalysisSession(Lcom/intellij/openapi/Disposable;Lcom/android/tools/lint/FirUastEnvironment$Configuration;)Lorg/jetbrains/kotlin/analysis/api/standalone/StandaloneAnalysisAPISession;+149
j  com.android.tools.lint.FirUastEnvironmentKt.access$createAnalysisSession(Lcom/intellij/openapi/Disposable;Lcom/android/tools/lint/FirUastEnvironment$Configuration;)Lorg/jetbrains/kotlin/analysis/api/standalone/StandaloneAnalysisAPISession;+2
j  com.android.tools.lint.FirUastEnvironment$Companion.create(Lcom/android/tools/lint/FirUastEnvironment$Configuration;)Lcom/android/tools/lint/FirUastEnvironment;+20
j  com.android.tools.lint.UastEnvironment$Companion.create(Lcom/android/tools/lint/UastEnvironment$Configuration;)Lcom/android/tools/lint/UastEnvironment;+22
j  com.android.tools.lint.LintCliClient.initializeProjects(Lcom/android/tools/lint/client/api/LintDriver;Ljava/util/Collection;)V+656
j  com.android.tools.lint.client.api.LintClient.performInitializeProjects$lint_api(Lcom/android/tools/lint/client/api/LintDriver;Ljava/util/Collection;)V+16
j  com.android.tools.lint.client.api.LintDriver.initializeProjectRoots()Ljava/util/Collection;+101
j  com.android.tools.lint.client.api.LintDriver.doAnalyze(ZLkotlin/jvm/functions/Function1;)V+43
j  com.android.tools.lint.client.api.LintDriver.analyzeOnly()V+78
j  com.android.tools.lint.LintCliClient$analyzeOnly$1.invoke()V+7
j  com.android.tools.lint.LintCliClient$analyzeOnly$1.invoke()Ljava/lang/Object;+1
j  com.android.tools.lint.LintCliClient.run(Lcom/android/tools/lint/client/api/IssueRegistry;Lcom/android/tools/lint/client/api/LintRequest;Lkotlin/jvm/functions/Function0;Lkotlin/jvm/functions/Function0;)I+85
j  com.android.tools.lint.LintCliClient.analyzeOnly(Lcom/android/tools/lint/client/api/IssueRegistry;Lcom/android/tools/lint/client/api/LintRequest;)I+69
j  com.android.tools.lint.Main.run(Lcom/android/tools/lint/LintCliClient;Lcom/android/tools/lint/client/api/LintRequest;Lcom/android/tools/lint/Main$ArgumentState;)I+56
j  com.android.tools.lint.Main.run([Ljava/lang/String;)I+105
j  java.lang.invoke.LambdaForm$DMH+0x00000008002e4000.invokeVirtual(Ljava/lang/Object;Ljava/lang/Object;Ljava/lang/Object;)I+11 java.base@21.0.6
j  java.lang.invoke.LambdaForm$MH+0x0000000801c12c00.invoke(Ljava/lang/Object;Ljava/lang/Object;Ljava/lang/Object;)Ljava/lang/Object;+52 java.base@21.0.6
J 30805 c2 java.lang.reflect.Method.invoke(Ljava/lang/Object;[Ljava/lang/Object;)Ljava/lang/Object; java.base@21.0.6 (108 bytes) @ 0x0000016cd4a27458 [0x0000016cd4a26d80+0x00000000000006d8]
j  com.android.build.gradle.internal.lint.AndroidLintWorkAction.invokeLintMainRunMethod(Ljava/lang/ClassLoader;Ljava/util/List;)I+104
j  com.android.build.gradle.internal.lint.AndroidLintWorkAction.runLint(Ljava/util/List;Z)I+60
j  com.android.build.gradle.internal.lint.AndroidLintWorkAction.execute()V+148
j  org.gradle.workers.internal.DefaultWorkerServer.execute(Lorg/gradle/workers/internal/SimpleActionExecutionSpec;)Lorg/gradle/workers/internal/DefaultWorkResult;+128
j  org.gradle.workers.internal.NoIsolationWorkerFactory$1$1.create()Lorg/gradle/workers/internal/DefaultWorkResult;+29
j  org.gradle.workers.internal.NoIsolationWorkerFactory$1$1.create()Ljava/lang/Object;+1
j  org.gradle.internal.classloader.ClassLoaderUtils.executeInClassloader(Ljava/lang/ClassLoader;Lorg/gradle/internal/Factory;)Ljava/lang/Object;+15
j  org.gradle.workers.internal.NoIsolationWorkerFactory$1.lambda$execute$0(Ljava/lang/ClassLoader;Lorg/gradle/workers/WorkerExecutor;Lorg/gradle/workers/internal/IsolatedParametersActionExecutionSpec;)Lorg/gradle/workers/internal/DefaultWorkResult;+10
j  org.gradle.workers.internal.NoIsolationWorkerFactory$1$$Lambda+0x0000000801269f38.execute(Lorg/gradle/workers/internal/IsolatedParametersActionExecutionSpec;)Lorg/gradle/workers/internal/DefaultWorkResult;+13
j  org.gradle.workers.internal.AbstractWorker$1.call(Lorg/gradle/internal/operations/BuildOperationContext;)Lorg/gradle/workers/internal/DefaultWorkResult;+8
j  org.gradle.workers.internal.AbstractWorker$1.call(Lorg/gradle/internal/operations/BuildOperationContext;)Ljava/lang/Object;+2
J 16591 c2 org.gradle.internal.operations.DefaultBuildOperationRunner$CallableBuildOperationWorker.execute(Lorg/gradle/internal/operations/BuildOperation;Lorg/gradle/internal/operations/BuildOperationContext;)V (10 bytes) @ 0x0000016cd3b0de94 [0x0000016cd3b0dd40+0x0000000000000154]
J 7810 c1 org.gradle.internal.operations.DefaultBuildOperationRunner$2.execute(Lorg/gradle/internal/operations/BuildOperationDescriptor;Lorg/gradle/internal/operations/BuildOperationState;Lorg/gradle/internal/operations/BuildOperationState;Lorg/gradle/internal/operations/DefaultBuildOperationRunner$ReadableBuildOperationContext;Lorg/gradle/internal/operations/DefaultBuildOperationRunner$BuildOperationExecutionListener;)Lorg/gradle/internal/operations/BuildOperation; (110 bytes) @ 0x0000016ccca417cc [0x0000016ccca415c0+0x000000000000020c]
J 16455 c1 org.gradle.internal.operations.DefaultBuildOperationRunner$2.execute(Lorg/gradle/internal/operations/BuildOperationDescriptor;Lorg/gradle/internal/operations/BuildOperationState;Lorg/gradle/internal/operations/BuildOperationState;Lorg/gradle/internal/operations/DefaultBuildOperationRunner$ReadableBuildOperationContext;Lorg/gradle/internal/operations/DefaultBuildOperationRunner$BuildOperationExecutionListener;)Ljava/lang/Object; (12 bytes) @ 0x0000016ccd76043c [0x0000016ccd7603c0+0x000000000000007c]
J 31122 c1 org.gradle.internal.operations.DefaultBuildOperationRunner.execute(Lorg/gradle/internal/operations/BuildOperationDescriptor$Builder;Lorg/gradle/internal/operations/BuildOperationState;Lorg/gradle/internal/operations/DefaultBuildOperationRunner$BuildOperationExecution;)Ljava/lang/Object; (147 bytes) @ 0x0000016ccc294c14 [0x0000016ccc294080+0x0000000000000b94]
J 15054 c2 org.gradle.internal.operations.DefaultBuildOperationRunner.execute(Lorg/gradle/internal/operations/BuildOperation;Lorg/gradle/internal/operations/BuildOperationWorker;Lorg/gradle/internal/operations/BuildOperationState;)V (23 bytes) @ 0x0000016cd40e05a0 [0x0000016cd40e04c0+0x00000000000000e0]
J 8167 c1 org.gradle.internal.operations.DefaultBuildOperationRunner.call(Lorg/gradle/internal/operations/CallableBuildOperation;)Ljava/lang/Object; (24 bytes) @ 0x0000016ccca9487c [0x0000016ccca943a0+0x00000000000004dc]
j  org.gradle.workers.internal.AbstractWorker.executeWrappedInBuildOperation(Lorg/gradle/workers/internal/IsolatedParametersActionExecutionSpec;Lorg/gradle/internal/operations/BuildOperationRef;Lorg/gradle/workers/internal/AbstractWorker$Work;)Lorg/gradle/workers/internal/DefaultWorkResult;+15
j  org.gradle.workers.internal.NoIsolationWorkerFactory$1.execute(Lorg/gradle/workers/internal/IsolatedParametersActionExecutionSpec;Lorg/gradle/internal/operations/BuildOperationRef;)Lorg/gradle/workers/internal/DefaultWorkResult;+17
j  org.gradle.workers.internal.DefaultWorkerExecutor.lambda$submitWork$0(Lorg/gradle/workers/internal/WorkerFactory;Lorg/gradle/workers/internal/WorkerRequirement;Lorg/gradle/workers/internal/IsolatedParametersActionExecutionSpec;Lorg/gradle/internal/operations/BuildOperationRef;)Lorg/gradle/workers/internal/DefaultWorkResult;+13
j  org.gradle.workers.internal.DefaultWorkerExecutor$$Lambda+0x0000000801269218.call()Ljava/lang/Object;+16
J 32364 c1 java.util.concurrent.FutureTask.run()V java.base@21.0.6 (123 bytes) @ 0x0000016cce330bbc [0x0000016cce330460+0x000000000000075c]
j  org.gradle.internal.work.DefaultConditionalExecutionQueue$ExecutionRunner.runExecution(Lorg/gradle/internal/work/ConditionalExecution;)V+6
j  org.gradle.internal.work.DefaultConditionalExecutionQueue$ExecutionRunner.access$700(Lorg/gradle/internal/work/DefaultConditionalExecutionQueue$ExecutionRunner;Lorg/gradle/internal/work/ConditionalExecution;)V+2
j  org.gradle.internal.work.DefaultConditionalExecutionQueue$ExecutionRunner$1.run()V+14
j  org.gradle.internal.Factories$1.create()Ljava/lang/Object;+4
j  org.gradle.internal.work.DefaultWorkerLeaseService.withLocks(Ljava/util/Collection;Lorg/gradle/internal/Factory;)Ljava/lang/Object;+28
j  org.gradle.internal.work.DefaultWorkerLeaseService.runAsWorkerThread(Lorg/gradle/internal/Factory;)Ljava/lang/Object;+33
j  org.gradle.internal.work.DefaultWorkerLeaseService.runAsWorkerThread(Ljava/lang/Runnable;)V+5
j  org.gradle.internal.work.DefaultConditionalExecutionQueue$ExecutionRunner.runBatch(Lorg/gradle/internal/work/ConditionalExecution;)V+16
j  org.gradle.internal.work.DefaultConditionalExecutionQueue$ExecutionRunner.run()V+11
J 14930 c2 java.util.concurrent.FutureTask.run()V java.base@21.0.6 (123 bytes) @ 0x0000016cd409fcfc [0x0000016cd409dca0+0x000000000000205c]
J 11124 c2 org.gradle.internal.concurrent.ExecutorPolicy$CatchAndRecordFailures.onExecute(Ljava/lang/Runnable;)V (29 bytes) @ 0x0000016cd3a7cb14 [0x0000016cd3a7cac0+0x0000000000000054]
j  org.gradle.internal.concurrent.AbstractManagedExecutor$1.run()V+25
j  java.util.concurrent.ThreadPoolExecutor.runWorker(Ljava/util/concurrent/ThreadPoolExecutor$Worker;)V+92 java.base@21.0.6
j  java.util.concurrent.ThreadPoolExecutor$Worker.run()V+5 java.base@21.0.6
j  java.lang.Thread.runWith(Ljava/lang/Object;Ljava/lang/Runnable;)V+5 java.base@21.0.6
j  java.lang.Thread.run()V+19 java.base@21.0.6
v  ~StubRoutines::call_stub 0x0000016cd32e100d

Compiled method (n/a) 456132  831     n 0       java.lang.ClassLoader::defineClass1 (native)
 total in heap  [0x0000016cd38e2290,0x0000016cd38e28f0] = 1632
 relocation     [0x0000016cd38e23f0,0x0000016cd38e2428] = 56
 main code      [0x0000016cd38e2440,0x0000016cd38e28ef] = 1199
 stub code      [0x0000016cd38e28ef,0x0000016cd38e28f0] = 1

[Constant Pool (empty)]

[MachCode]
[Entry Point]
  # {method} {0x0000016ce3025018} 'defineClass1' '(Ljava/lang/ClassLoader;Ljava/lang/String;[BIILjava/security/ProtectionDomain;Ljava/lang/String;)Ljava/lang/Class;' in 'java/lang/ClassLoader'
  # parm0:    rdx:rdx   = 'java/lang/ClassLoader'
  # parm1:    r8:r8     = 'java/lang/String'
  # parm2:    r9:r9     = '[B'
  # parm3:    rdi       = int
  # parm4:    rsi       = int
  # parm5:    rcx:rcx   = 'java/security/ProtectionDomain'
  # parm6:    [sp+0xa0]   = 'java/lang/String'  (sp of caller)
  0x0000016cd38e2440: 448b 5208 | 49bb 0000 | 0000 0800 | 0000 4d03 | d349 3bc2 | 0f84 0600 

  0x0000016cd38e2458: ;   {runtime_call ic_miss_stub}
  0x0000016cd38e2458: 0000 e921 | c3a4 ff90 
[Verified Entry Point]
  0x0000016cd38e2460: 8984 2400 | 80ff ff55 | 488b ec48 | 81ec 9000 | 0000 6690 | 4181 7f20 | 2f00 0000 

  0x0000016cd38e247c: ;   {runtime_call StubRoutines (final stubs)}
  0x0000016cd38e247c: 7405 e8dd | 76a3 ff48 | 837d 1000 | 488d 4510 | 480f 4445 | 1048 8944 | 2440 4889 | 4c24 7048 
  0x0000016cd38e249c: 83f9 0048 | 8d44 2470 | 480f 4444 | 2470 4889 | 4424 3848 | 8974 2430 | 4889 7c24 | 284c 894c 
  0x0000016cd38e24bc: 2458 4983 | f900 488d | 4424 5848 | 0f44 4424 | 5848 8944 | 2420 4c89 | 4424 5049 | 83f8 004c 
  0x0000016cd38e24dc: 8d4c 2450 | 4c0f 444c | 2450 4889 | 5424 4848 | 83fa 004c | 8d44 2448 | 4c0f 4444 

  0x0000016cd38e24f8: ;   {oop(a 'java/lang/Class'{0x00000007006e5408} = 'java/lang/ClassLoader')}
  0x0000016cd38e24f8: 2448 49be | 0854 6e00 | 0700 0000 | 4c89 7424 | 784c 8d74 | 2478 498b | d6c5 f877 

  0x0000016cd38e2514: ;   {internal_word}
  0x0000016cd38e2514: 49ba 1125 | 8ed3 6c01 | 0000 4d89 | 97a0 0300 | 0049 89a7 | 9803 0000 

  0x0000016cd38e252c: ;   {external_word}
  0x0000016cd38e252c: 49ba 8057 | fcc3 f97f | 0000 4180 | 3a00 0f84 | 4e00 0000 | 5241 5041 

  0x0000016cd38e2544: ;   {metadata({method} {0x0000016ce3025018} 'defineClass1' '(Ljava/lang/ClassLoader;Ljava/lang/String;[BIILjava/security/ProtectionDomain;Ljava/lang/String;)Ljava/lang/Class;' in 'java/lang/ClassLoader')}
  0x0000016cd38e2544: 5148 ba10 | 5002 e36c | 0100 0049 | 8bcf 4883 | ec20 40f6 | c40f 0f84 | 1900 0000 | 4883 ec08 
  0x0000016cd38e2564: ;   {runtime_call}
  0x0000016cd38e2564: 48b8 5077 | b6c3 f97f | 0000 ffd0 | 4883 c408 | e90c 0000 

  0x0000016cd38e2578: ;   {runtime_call}
  0x0000016cd38e2578: 0048 b850 | 77b6 c3f9 | 7f00 00ff | d048 83c4 | 2041 5941 | 585a 498d | 8fb8 0300 | 0041 c787 
  0x0000016cd38e2598: 4404 0000 | 0400 0000 

  0x0000016cd38e25a0: ;   {runtime_call}
  0x0000016cd38e25a0: 48b8 ac16 | 394b fa7f | 0000 ffd0 | c5f8 7741 | c787 4404 | 0000 0500 | 0000 f083 | 4424 c000 
  0x0000016cd38e25c0: 493b af48 | 0400 000f | 870e 0000 | 0041 83bf | 4004 0000 | 000f 842b | 0000 00c5 | f877 4889 
  0x0000016cd38e25e0: 45f8 498b | cf4c 8be4 | 4883 ec20 | 4883 e4f0 

  0x0000016cd38e25f0: ;   {runtime_call}
  0x0000016cd38e25f0: 48b8 20dc | 81c3 f97f | 0000 ffd0 | 498b e44d | 33e4 488b | 45f8 41c7 | 8744 0400 | 0008 0000 
  0x0000016cd38e2610: 0041 83bf | c004 0000 | 020f 84a3 

  0x0000016cd38e261c: ;   {external_word}
  0x0000016cd38e261c: 0200 0049 | ba80 57fc | c3f9 7f00 | 0041 803a | 000f 844c | 0000 0048 

  0x0000016cd38e2634: ;   {metadata({method} {0x0000016ce3025018} 'defineClass1' '(Ljava/lang/ClassLoader;Ljava/lang/String;[BIILjava/security/ProtectionDomain;Ljava/lang/String;)Ljava/lang/Class;' in 'java/lang/ClassLoader')}
  0x0000016cd38e2634: 8945 f848 | ba10 5002 | e36c 0100 | 0049 8bcf | 4883 ec20 | 40f6 c40f | 0f84 1900 | 0000 4883 
  0x0000016cd38e2654: ;   {runtime_call}
  0x0000016cd38e2654: ec08 48b8 | 5077 b6c3 | f97f 0000 | ffd0 4883 | c408 e90c 

  0x0000016cd38e2668: ;   {runtime_call}
  0x0000016cd38e2668: 0000 0048 | b850 77b6 | c3f9 7f00 | 00ff d048 | 83c4 2048 | 8b45 f849 | c787 9803 | 0000 0000 
  0x0000016cd38e2688: 0000 49c7 | 87a0 0300 | 0000 0000 | 00c5 f877 | 4885 c00f | 84fe 0100 | 00a8 030f | 8508 0000 
  0x0000016cd38e26a8: 0048 8b00 | e9ee 0100 | 00a8 010f | 8509 0000 | 0048 8b40 | fee9 dd01 | 0000 488b | 40ff 4180 
  0x0000016cd38e26c8: 7f40 000f | 84ce 0100 | 0048 83f8 | 000f 84c4 | 0100 0049 | 8b4f 2848 | 83f9 000f | 8414 0000 
  0x0000016cd38e26e8: 0048 83e9 | 0849 894f | 2849 034f | 3848 8901 | e9a2 0100 | 0048 81ec | d000 0000 | 4889 0424 
  0x0000016cd38e2708: 4889 4c24 | 0848 8954 | 2410 4889 | 7424 1848 | 897c 2420 | 4c89 4424 | 284c 894c | 2430 4c89 
  0x0000016cd38e2728: 5424 384c | 895c 2440 | c5fb 1144 | 2450 c5fb | 114c 2458 | c5fb 1154 | 2460 c5fb | 115c 2468 
  0x0000016cd38e2748: c5fb 1164 | 2470 c5fb | 116c 2478 | c5fb 11b4 | 2480 0000 | 00c5 fb11 | bc24 8800 | 0000 c57b 
  0x0000016cd38e2768: ;   {no_reloc}
  0x0000016cd38e2768: 1184 2490 | 0000 00c5 | 7b11 8c24 | 9800 0000 | c57b 1194 | 24a0 0000 | 00c5 7b11 | 9c24 a800 
  0x0000016cd38e2788: 0000 c57b | 11a4 24b0 | 0000 00c5 | 7b11 ac24 | b800 0000 | c57b 11b4 | 24c0 0000 | 00c5 7b11 
  0x0000016cd38e27a8: bc24 c800 | 0000 498b | d748 8bc8 | 4883 ec20 | 40f6 c40f | 0f84 1900 | 0000 4883 

  0x0000016cd38e27c4: ;   {runtime_call}
  0x0000016cd38e27c4: ec08 48b8 | 70ee 74c3 | f97f 0000 | ffd0 4883 | c408 e90c 

  0x0000016cd38e27d8: ;   {runtime_call}
  0x0000016cd38e27d8: 0000 0048 | b870 ee74 | c3f9 7f00 | 00ff d048 | 83c4 20c5 | 7b10 bc24 | c800 0000 | c57b 10b4 
  0x0000016cd38e27f8: 24c0 0000 | 00c5 7b10 | ac24 b800 | 0000 c57b | 10a4 24b0 | 0000 00c5 | 7b10 9c24 | a800 0000 
  0x0000016cd38e2818: c57b 1094 | 24a0 0000 | 00c5 7b10 | 8c24 9800 | 0000 c57b | 1084 2490 | 0000 00c5 | fb10 bc24 
  0x0000016cd38e2838: 8800 0000 | c5fb 10b4 | 2480 0000 | 00c5 fb10 | 6c24 78c5 | fb10 6424 | 70c5 fb10 | 5c24 68c5 
  0x0000016cd38e2858: fb10 5424 | 60c5 fb10 | 4c24 58c5 | fb10 4424 | 504c 8b5c | 2440 4c8b | 5424 384c | 8b4c 2430 
  0x0000016cd38e2878: 4c8b 4424 | 2848 8b7c | 2420 488b | 7424 1848 | 8b54 2410 | 488b 4c24 | 0848 8b04 | 2448 81c4 
  0x0000016cd38e2898: d000 0000 | c5f8 7749 | 8b8f 2804 | 0000 c781 | 0001 0000 | 0000 0000 | c949 837f | 0800 0f85 
  0x0000016cd38e28b8: 0100 0000 

  0x0000016cd38e28bc: ;   {runtime_call StubRoutines (initial stubs)}
  0x0000016cd38e28bc: c3e9 3ee6 | 9fff c5f8 | 7748 8945 | f84c 8be4 | 4883 ec20 | 4883 e4f0 

  0x0000016cd38e28d4: ;   {runtime_call}
  0x0000016cd38e28d4: 48b8 f0ae | b6c3 f97f | 0000 ffd0 | 498b e44d | 33e4 488b | 45f8 e930 | fdff fff4 
[/MachCode]


Compiled method (c1) 456146 1498       3       java.lang.ClassLoader::defineClass (43 bytes)
 total in heap  [0x0000016ccc093a10,0x0000016ccc094388] = 2424
 relocation     [0x0000016ccc093b70,0x0000016ccc093c10] = 160
 main code      [0x0000016ccc093c20,0x0000016ccc0940c0] = 1184
 stub code      [0x0000016ccc0940c0,0x0000016ccc094138] = 120
 metadata       [0x0000016ccc094138,0x0000016ccc094178] = 64
 scopes data    [0x0000016ccc094178,0x0000016ccc094268] = 240
 scopes pcs     [0x0000016ccc094268,0x0000016ccc094348] = 224
 dependencies   [0x0000016ccc094348,0x0000016ccc094360] = 24
 nul chk table  [0x0000016ccc094360,0x0000016ccc094388] = 40

[Constant Pool (empty)]

[MachCode]
[Entry Point]
  # {method} {0x0000016ce3024e38} 'defineClass' '(Ljava/lang/String;[BIILjava/security/ProtectionDomain;)Ljava/lang/Class;' in 'java/lang/ClassLoader'
  # this:     rdx:rdx   = 'java/lang/ClassLoader'
  # parm0:    r8:r8     = 'java/lang/String'
  # parm1:    r9:r9     = '[B'
  # parm2:    rdi       = int
  # parm3:    rsi       = int
  # parm4:    rcx:rcx   = 'java/security/ProtectionDomain'
  #           [sp+0xc0]  (sp of caller)
  0x0000016ccc093c20: 448b 5208 | 49bb 0000 | 0000 0800 | 0000 4d03 | d34c 3bd0 

  0x0000016ccc093c34: ;   {runtime_call ic_miss_stub}
  0x0000016ccc093c34: 0f85 46ab | 2907 660f | 1f44 0000 
[Verified Entry Point]
  0x0000016ccc093c40: 8984 2400 | 80ff ff55 | 4881 ecb0 | 0000 0090 | 4181 7f20 | 2f00 0000 

  0x0000016ccc093c58: ;   {runtime_call StubRoutines (final stubs)}
  0x0000016ccc093c58: 7405 e801 | 5f28 0748 | 8954 2478 

  0x0000016ccc093c64: ;   {metadata(method data for {method} {0x0000016ce3024e38} 'defineClass' '(Ljava/lang/String;[BIILjava/security/ProtectionDomain;)Ljava/lang/Class;' in 'java/lang/ClassLoader')}
  0x0000016ccc093c64: 48bb 887c | 9ce3 6c01 | 0000 8b83 | cc00 0000 | 83c0 0289 | 83cc 0000 | 0025 fe07 | 0000 85c0 
  0x0000016ccc093c84: 0f84 5803 | 0000 89b4 | 2494 0000 | 0089 bc24 | 9000 0000 | 4c89 8c24 | 8800 0000 

  0x0000016ccc093ca0: ;   {metadata(method data for {method} {0x0000016ce3024e38} 'defineClass' '(Ljava/lang/String;[BIILjava/security/ProtectionDomain;)Ljava/lang/Class;' in 'java/lang/ClassLoader')}
  0x0000016ccc093ca0: 488b da48 | b888 7c9c | e36c 0100 | 0048 8380 | 1001 0000 | 0149 8bd8 | 4c8b c34c | 8bc9 488b 
  0x0000016ccc093cc0: ca48 8bd1 | 4889 9c24 | 8000 0000 

  0x0000016ccc093ccc: ;   {optimized virtual_call}
  0x0000016ccc093ccc: 6666 90e8 

  0x0000016ccc093cd0: ; ImmutableOopMap {[120]=Oop [128]=Oop [136]=Oop }
                      ;*invokevirtual preDefineClass {reexecute=0 rethrow=0 return_oop=0}
                      ; - java.lang.ClassLoader::defineClass@4
  0x0000016ccc093cd0: cc0a 0000 

  0x0000016ccc093cd4: ;   {other}
  0x0000016ccc093cd4: 0f1f 8400 | c402 0000 | 4889 8424 | 9800 0000 | 488b 5424 

  0x0000016ccc093ce8: ;   {metadata(method data for {method} {0x0000016ce3024e38} 'defineClass' '(Ljava/lang/String;[BIILjava/security/ProtectionDomain;)Ljava/lang/Class;' in 'java/lang/ClassLoader')}
  0x0000016ccc093ce8: 7849 b888 | 7c9c e36c | 0100 0049 | 8380 4801 

  0x0000016ccc093cf8: ;   {metadata(method data for {method} {0x0000016ce3024c58} 'defineClassSourceLocation' '(Ljava/security/ProtectionDomain;)Ljava/lang/String;' in 'java/lang/ClassLoader')}
  0x0000016ccc093cf8: 0000 0149 | b820 889c | e36c 0100 | 0041 8b90 | cc00 0000 | 83c2 0241 | 8990 cc00 | 0000 81e2 
  0x0000016ccc093d18: feff 1f00 | 85d2 0f84 | df02 0000 

  0x0000016ccc093d24: ; implicit exception: dispatches to 0x0000016ccc094024
  0x0000016ccc093d24: 483b 004c 

  0x0000016ccc093d28: ;   {metadata(method data for {method} {0x0000016ce3024c58} 'defineClassSourceLocation' '(Ljava/security/ProtectionDomain;)Ljava/lang/String;' in 'java/lang/ClassLoader')}
  0x0000016ccc093d28: 8bc0 48ba | 2088 9ce3 | 6c01 0000 | 4883 8210 | 0100 0001 | 448b 4010 | 49c1 e003 

  0x0000016ccc093d44: ;   {metadata(method data for {method} {0x0000016ce3024c58} 'defineClassSourceLocation' '(Ljava/security/ProtectionDomain;)Ljava/lang/String;' in 'java/lang/ClassLoader')}
  0x0000016ccc093d44: 4d85 c048 | ba20 889c | e36c 0100 | 0048 c7c6 | 5801 0000 | 7507 48c7 | c648 0100 | 0048 8b3c 
  0x0000016ccc093d64: 3248 8d7f | 0148 893c | 320f 850f 

  0x0000016ccc093d70: ;   {oop(nullptr)}
  0x0000016ccc093d70: 0000 0048 | bb00 0000 | 0000 0000 | 00e9 a501 | 0000 493b | 0049 8bd0 

  0x0000016ccc093d88: ;   {metadata(method data for {method} {0x0000016ce3024c58} 'defineClassSourceLocation' '(Ljava/security/ProtectionDomain;)Ljava/lang/String;' in 'java/lang/ClassLoader')}
  0x0000016ccc093d88: 48be 2088 | 9ce3 6c01 | 0000 4883 | 8668 0100 | 0001 418b | 500c 48c1 | e203 4885 

  0x0000016ccc093da4: ;   {metadata(method data for {method} {0x0000016ce3024c58} 'defineClassSourceLocation' '(Ljava/security/ProtectionDomain;)Ljava/lang/String;' in 'java/lang/ClassLoader')}
  0x0000016ccc093da4: d248 be20 | 889c e36c | 0100 0048 | c7c7 b001 | 0000 7507 | 48c7 c7a0 | 0100 0048 | 8b1c 3e48 
  0x0000016ccc093dc4: 8d5b 0148 | 891c 3e0f | 850f 0000 

  0x0000016ccc093dd0: ;   {oop(nullptr)}
  0x0000016ccc093dd0: 0048 bb00 | 0000 0000 | 0000 00e9 | 4701 0000 

  0x0000016ccc093de0: ;   {metadata(method data for {method} {0x0000016ce3024c58} 'defineClassSourceLocation' '(Ljava/security/ProtectionDomain;)Ljava/lang/String;' in 'java/lang/ClassLoader')}
  0x0000016ccc093de0: 48be 2088 | 9ce3 6c01 | 0000 4883 | 86c0 0100 | 0001 483b | 024c 8bc2 

  0x0000016ccc093df8: ;   {metadata(method data for {method} {0x0000016ce3024c58} 'defineClassSourceLocation' '(Ljava/security/ProtectionDomain;)Ljava/lang/String;' in 'java/lang/ClassLoader')}
  0x0000016ccc093df8: 48be 2088 | 9ce3 6c01 | 0000 4883 | 86f8 0100 

  0x0000016ccc093e08: ;   {metadata(method data for {method} {0x0000016ce30f61a8} 'toString' '()Ljava/lang/String;' in 'java/net/URL')}
  0x0000016ccc093e08: 0001 49b8 | b0ee 7fe3 | 6c01 0000 | 418b b0cc | 0000 0083 | c602 4189 | b0cc 0000 | 0081 e6fe 
  0x0000016ccc093e28: ff1f 0085 | f60f 8400 | 0200 004c 

  0x0000016ccc093e34: ;   {metadata(method data for {method} {0x0000016ce30f61a8} 'toString' '()Ljava/lang/String;' in 'java/net/URL')}
  0x0000016ccc093e34: 8bc2 48be | b0ee 7fe3 | 6c01 0000 | 4883 8610 | 0100 0001 

  0x0000016ccc093e48: ;   {metadata(method data for {method} {0x0000016ce30f6260} 'toExternalForm' '()Ljava/lang/String;' in 'java/net/URL')}
  0x0000016ccc093e48: 49b8 38f0 | 7fe3 6c01 | 0000 418b | b0cc 0000 | 0083 c602 | 4189 b0cc | 0000 0081 | e6fe ff1f 
  0x0000016ccc093e68: 0085 f60f | 84e3 0100 | 008b 7238 | 48c1 e603 

  0x0000016ccc093e78: ; implicit exception: dispatches to 0x0000016ccc094075
  0x0000016ccc093e78: 483b 064c 

  0x0000016ccc093e7c: ;   {metadata(method data for {method} {0x0000016ce30f6260} 'toExternalForm' '()Ljava/lang/String;' in 'java/net/URL')}
  0x0000016ccc093e7c: 8bc6 48bf | 38f0 7fe3 | 6c01 0000 | 458b 4008 | 49ba 0000 | 0000 0800 | 0000 4d03 | c24c 3b87 
  0x0000016ccc093e9c: 2001 0000 | 750d 4883 | 8728 0100 | 0001 e960 | 0000 004c | 3b87 3001 | 0000 750d | 4883 8738 
  0x0000016ccc093ebc: 0100 0001 | e94a 0000 | 0048 83bf | 2001 0000 | 0075 174c | 8987 2001 | 0000 48c7 | 8728 0100 
  0x0000016ccc093edc: 0001 0000 | 00e9 2900 | 0000 4883 | bf30 0100 | 0000 7517 | 4c89 8730 | 0100 0048 | c787 3801 
  0x0000016ccc093efc: 0000 0100 | 0000 e908 | 0000 0048 | 8387 1001 | 0000 014c | 8bc2 488b 

  0x0000016ccc093f14: ;   {optimized virtual_call}
  0x0000016ccc093f14: d666 90e8 

  0x0000016ccc093f18: ; ImmutableOopMap {[120]=Oop [128]=Oop [136]=Oop [152]=Oop }
                      ;*invokevirtual toExternalForm {reexecute=0 rethrow=0 return_oop=0}
                      ; - java.net.URL::toExternalForm@5
                      ; - java.net.URL::toString@1
                      ; - java.lang.ClassLoader::defineClassSourceLocation@22
                      ; - java.lang.ClassLoader::defineClass@12
  0x0000016ccc093f18: 64dd 8e07 

  0x0000016ccc093f1c: ;   {other}
  0x0000016ccc093f1c: 0f1f 8400 | 0c05 0001 | 488b d848 | 8b84 2498 | 0000 008b | b424 9400 | 0000 8bbc | 2490 0000 
  0x0000016ccc093f3c: 004c 8b8c | 2488 0000 | 004c 8b84 | 2480 0000 | 0048 8b54 

  0x0000016ccc093f50: ;   {metadata(method data for {method} {0x0000016ce3024e38} 'defineClass' '(Ljava/lang/String;[BIILjava/security/ProtectionDomain;)Ljava/lang/Class;' in 'java/lang/ClassLoader')}
  0x0000016ccc093f50: 2478 48b9 | 887c 9ce3 | 6c01 0000 | 4883 8180 | 0100 0001 | 4c8b da49 | 8bd3 488b | c848 891c 
  0x0000016ccc093f70: 2466 0f1f 

  0x0000016ccc093f74: ;   {static_call}
  0x0000016ccc093f74: 4400 00e8 

  0x0000016ccc093f78: ; ImmutableOopMap {[120]=Oop [152]=Oop }
                      ;*invokestatic defineClass1 {reexecute=0 rethrow=0 return_oop=0}
                      ; - java.lang.ClassLoader::defineClass@27
  0x0000016ccc093f78: e4e4 8407 

  0x0000016ccc093f7c: ;   {other}
  0x0000016ccc093f7c: 0f1f 8400 | 6c05 0002 | 488b 5424 

  0x0000016ccc093f88: ;   {metadata(method data for {method} {0x0000016ce3024e38} 'defineClass' '(Ljava/lang/String;[BIILjava/security/ProtectionDomain;)Ljava/lang/Class;' in 'java/lang/ClassLoader')}
  0x0000016ccc093f88: 7849 b888 | 7c9c e36c | 0100 0049 | 8380 9001 | 0000 014c | 8bc0 4c8b | 8c24 9800 | 0000 488b 
  0x0000016ccc093fa8: 5424 7848 | 8984 24a0 | 0000 000f 

  0x0000016ccc093fb4: ;   {optimized virtual_call}
  0x0000016ccc093fb4: 1f40 00e8 

  0x0000016ccc093fb8: ; ImmutableOopMap {[160]=Oop }
                      ;*invokevirtual postDefineClass {reexecute=0 rethrow=0 return_oop=0}
                      ; - java.lang.ClassLoader::defineClass@37
  0x0000016ccc093fb8: c40e 1b00 

  0x0000016ccc093fbc: ;   {other}
  0x0000016ccc093fbc: 0f1f 8400 | ac05 0003 | 488b 8424 | a000 0000 | 4881 c4b0 | 0000 005d 

  0x0000016ccc093fd4: ;   {poll_return}
  0x0000016ccc093fd4: 493b a748 | 0400 000f | 8799 0000 

  0x0000016ccc093fe0: ;   {metadata({method} {0x0000016ce3024e38} 'defineClass' '(Ljava/lang/String;[BIILjava/security/ProtectionDomain;)Ljava/lang/Class;' in 'java/lang/ClassLoader')}
  0x0000016ccc093fe0: 00c3 49ba | 304e 02e3 | 6c01 0000 | 4c89 5424 | 0848 c704 | 24ff ffff 

  0x0000016ccc093ff8: ;   {runtime_call counter_overflow Runtime1 stub}
  0x0000016ccc093ff8: ffe8 82cc 

  0x0000016ccc093ffc: ; ImmutableOopMap {rdx=Oop r8=Oop r9=Oop rcx=Oop [120]=Oop }
                      ;*synchronization entry
                      ; - java.lang.ClassLoader::defineClass@-1
  0x0000016ccc093ffc: 3507 e987 

  0x0000016ccc094000: ;   {metadata({method} {0x0000016ce3024c58} 'defineClassSourceLocation' '(Ljava/security/ProtectionDomain;)Ljava/lang/String;' in 'java/lang/ClassLoader')}
  0x0000016ccc094000: fcff ff49 | ba50 4c02 | e36c 0100 | 004c 8954 | 2408 48c7 | 0424 ffff 

  0x0000016ccc094018: ;   {runtime_call counter_overflow Runtime1 stub}
  0x0000016ccc094018: ffff e861 

  0x0000016ccc09401c: ; ImmutableOopMap {rax=Oop [120]=Oop [128]=Oop [136]=Oop [152]=Oop }
                      ;*synchronization entry
                      ; - java.lang.ClassLoader::defineClassSourceLocation@-1
                      ; - java.lang.ClassLoader::defineClass@12
  0x0000016ccc09401c: cc35 07e9 | 00fd ffff 

  0x0000016ccc094024: ;   {runtime_call throw_null_pointer_exception Runtime1 stub}
  0x0000016ccc094024: e857 7b35 

  0x0000016ccc094028: ; ImmutableOopMap {rax=Oop [120]=Oop [128]=Oop [136]=Oop [152]=Oop }
                      ;*invokevirtual getCodeSource {reexecute=0 rethrow=0 return_oop=0}
                      ; - java.lang.ClassLoader::defineClassSourceLocation@1
                      ; - java.lang.ClassLoader::defineClass@12
                      ;   {runtime_call throw_null_pointer_exception Runtime1 stub}
  0x0000016ccc094028: 07e8 527b 

  0x0000016ccc09402c: ; ImmutableOopMap {rax=Oop r8=Oop [120]=Oop [128]=Oop [136]=Oop [152]=Oop }
                      ;*invokevirtual getLocation {reexecute=0 rethrow=0 return_oop=0}
                      ; - java.lang.ClassLoader::defineClassSourceLocation@12
                      ; - java.lang.ClassLoader::defineClass@12
                      ;   {runtime_call throw_null_pointer_exception Runtime1 stub}
  0x0000016ccc09402c: 3507 e84d 

  0x0000016ccc094030: ; ImmutableOopMap {rdx=Oop [120]=Oop [128]=Oop [136]=Oop [152]=Oop }
                      ;*invokevirtual toString {reexecute=0 rethrow=0 return_oop=0}
                      ; - java.lang.ClassLoader::defineClassSourceLocation@22
                      ; - java.lang.ClassLoader::defineClass@12
                      ;   {metadata({method} {0x0000016ce30f61a8} 'toString' '()Ljava/lang/String;' in 'java/net/URL')}
  0x0000016ccc094030: 7b35 0749 | baa0 610f | e36c 0100 | 004c 8954 | 2408 48c7 | 0424 ffff 

  0x0000016ccc094048: ;   {runtime_call counter_overflow Runtime1 stub}
  0x0000016ccc094048: ffff e831 

  0x0000016ccc09404c: ; ImmutableOopMap {rdx=Oop [120]=Oop [128]=Oop [136]=Oop [152]=Oop }
                      ;*synchronization entry
                      ; - java.net.URL::toString@-1
                      ; - java.lang.ClassLoader::defineClassSourceLocation@22
                      ; - java.lang.ClassLoader::defineClass@12
  0x0000016ccc09404c: cc35 07e9 | dffd ffff 

  0x0000016ccc094054: ;   {metadata({method} {0x0000016ce30f6260} 'toExternalForm' '()Ljava/lang/String;' in 'java/net/URL')}
  0x0000016ccc094054: 49ba 5862 | 0fe3 6c01 | 0000 4c89 | 5424 0848 | c704 24ff 

  0x0000016ccc094068: ;   {runtime_call counter_overflow Runtime1 stub}
  0x0000016ccc094068: ffff ffe8 

  0x0000016ccc09406c: ; ImmutableOopMap {rdx=Oop [120]=Oop [128]=Oop [136]=Oop [152]=Oop }
                      ;*synchronization entry
                      ; - java.net.URL::toExternalForm@-1
                      ; - java.net.URL::toString@1
                      ; - java.lang.ClassLoader::defineClassSourceLocation@22
                      ; - java.lang.ClassLoader::defineClass@12
  0x0000016ccc09406c: 10cc 3507 | e9fc fdff 

  0x0000016ccc094074: ;   {runtime_call throw_null_pointer_exception Runtime1 stub}
  0x0000016ccc094074: ffe8 067b 

  0x0000016ccc094078: ; ImmutableOopMap {rdx=Oop rsi=Oop [120]=Oop [128]=Oop [136]=Oop [152]=Oop }
                      ;*invokevirtual toExternalForm {reexecute=0 rethrow=0 return_oop=0}
                      ; - java.net.URL::toExternalForm@5
                      ; - java.net.URL::toString@1
                      ; - java.lang.ClassLoader::defineClassSourceLocation@22
                      ; - java.lang.ClassLoader::defineClass@12
                      ;   {internal_word}
  0x0000016ccc094078: 3507 49ba | d43f 09cc | 6c01 0000 | 4d89 9760 

  0x0000016ccc094088: ;   {runtime_call SafepointBlob}
  0x0000016ccc094088: 0400 00e9 | 7016 2a07 | 498b 87f8 | 0400 0049 | c787 f804 | 0000 0000 | 0000 49c7 | 8700 0500 
  0x0000016ccc0940a8: 0000 0000 | 0048 81c4 | b000 0000 

  0x0000016ccc0940b4: ;   {runtime_call unwind_exception Runtime1 stub}
  0x0000016ccc0940b4: 5de9 c66b | 3507 f4f4 | f4f4 f4f4 
[Stub Code]
  0x0000016ccc0940c0: ;   {no_reloc}
  0x0000016ccc0940c0: 0f1f 4400 

  0x0000016ccc0940c4: ;   {static_stub}
  0x0000016ccc0940c4: 0048 bb00 | 0000 0000 

  0x0000016ccc0940cc: ;   {runtime_call nmethod}
  0x0000016ccc0940cc: 0000 00e9 | fbff ffff 

  0x0000016ccc0940d4: ;   {static_stub}
  0x0000016ccc0940d4: 48bb 0000 | 0000 0000 

  0x0000016ccc0940dc: ;   {runtime_call nmethod}
  0x0000016ccc0940dc: 0000 e9fb 

  0x0000016ccc0940e0: ;   {static_stub}
  0x0000016ccc0940e0: ffff ff48 | bb00 0000 | 0000 0000 

  0x0000016ccc0940ec: ;   {runtime_call nmethod}
  0x0000016ccc0940ec: 00e9 fbff 

  0x0000016ccc0940f0: ;   {static_stub}
  0x0000016ccc0940f0: ffff 48bb | 404d 02e3 | 6c01 0000 

  0x0000016ccc0940fc: ;   {runtime_call I2C/C2I adapters}
  0x0000016ccc0940fc: e96a 6c29 

  0x0000016ccc094100: ;   {runtime_call handle_exception_from_callee Runtime1 stub}
  0x0000016ccc094100: 07e8 7a98 

  0x0000016ccc094104: ;   {external_word}
  0x0000016ccc094104: 3507 48b9 | 40de d6c3 | f97f 0000 | 4883 e4f0 

  0x0000016ccc094114: ;   {runtime_call}
  0x0000016ccc094114: 48b8 b079 | a5c3 f97f | 0000 ffd0 

  0x0000016ccc094120: ;   {section_word}
  0x0000016ccc094120: f449 ba21 | 4109 cc6c | 0100 0041 

  0x0000016ccc09412c: ;   {runtime_call DeoptimizationBlob}
  0x0000016ccc09412c: 52e9 6e08 | 2a07 f4f4 | f4f4 f4f4 
[/MachCode]


Compiled method (c1) 456164 33027       3       java.security.SecureClassLoader::defineClass (16 bytes)
 total in heap  [0x0000016ccc5cc610,0x0000016ccc5cca10] = 1024
 relocation     [0x0000016ccc5cc770,0x0000016ccc5cc7c0] = 80
 main code      [0x0000016ccc5cc7c0,0x0000016ccc5cc918] = 344
 stub code      [0x0000016ccc5cc918,0x0000016ccc5cc968] = 80
 metadata       [0x0000016ccc5cc968,0x0000016ccc5cc970] = 8
 scopes data    [0x0000016ccc5cc970,0x0000016ccc5cc9b8] = 72
 scopes pcs     [0x0000016ccc5cc9b8,0x0000016ccc5cca08] = 80
 dependencies   [0x0000016ccc5cca08,0x0000016ccc5cca10] = 8

[Constant Pool (empty)]

[MachCode]
[Entry Point]
  # {method} {0x0000016ce303d670} 'defineClass' '(Ljava/lang/String;[BIILjava/security/CodeSource;)Ljava/lang/Class;' in 'java/security/SecureClassLoader'
  # this:     rdx:rdx   = 'java/security/SecureClassLoader'
  # parm0:    r8:r8     = 'java/lang/String'
  # parm1:    r9:r9     = '[B'
  # parm2:    rdi       = int
  # parm3:    rsi       = int
  # parm4:    rcx:rcx   = 'java/security/CodeSource'
  #           [sp+0x80]  (sp of caller)
  0x0000016ccc5cc7c0: 448b 5208 | 49bb 0000 | 0000 0800 | 0000 4d03 | d34c 3bd0 

  0x0000016ccc5cc7d4: ;   {runtime_call ic_miss_stub}
  0x0000016ccc5cc7d4: 0f85 a61f | d606 660f | 1f44 0000 
[Verified Entry Point]
  0x0000016ccc5cc7e0: 8984 2400 | 80ff ff55 | 4883 ec70 | 4181 7f20 | 2f00 0000 

  0x0000016ccc5cc7f4: ;   {runtime_call StubRoutines (final stubs)}
  0x0000016ccc5cc7f4: 7405 e865 

  0x0000016ccc5cc7f8: ;   {metadata(method data for {method} {0x0000016ce303d670} 'defineClass' '(Ljava/lang/String;[BIILjava/security/CodeSource;)Ljava/lang/Class;' in 'java/security/SecureClassLoader')}
  0x0000016ccc5cc7f8: d3d4 0648 | bbb0 439b | e36c 0100 | 008b 83cc | 0000 0083 | c002 8983 | cc00 0000 | 25fe 0700 
  0x0000016ccc5cc818: 0085 c00f | 8496 0000 | 0089 7424 | 5c89 7c24 | 584c 894c | 2450 4c89 | 4424 4848 

  0x0000016ccc5cc834: ;   {metadata(method data for {method} {0x0000016ce303d670} 'defineClass' '(Ljava/lang/String;[BIILjava/security/CodeSource;)Ljava/lang/Class;' in 'java/security/SecureClassLoader')}
  0x0000016ccc5cc834: 8bda 48b8 | b043 9be3 | 6c01 0000 | 4883 8010 | 0100 0001 | 4c8b c148 | 8bc2 488b | d048 8944 
  0x0000016ccc5cc854: ;   {optimized virtual_call}
  0x0000016ccc5cc854: 2440 90e8 

  0x0000016ccc5cc858: ; ImmutableOopMap {[64]=Oop [72]=Oop [80]=Oop }
                      ;*invokevirtual getProtectionDomain {reexecute=0 rethrow=0 return_oop=0}
                      ; - java.security.SecureClassLoader::defineClass@9
  0x0000016ccc5cc858: 2493 7d07 

  0x0000016ccc5cc85c: ;   {other}
  0x0000016ccc5cc85c: 0f1f 8400 | 4c02 0000 | 488b 5424 

  0x0000016ccc5cc868: ;   {metadata(method data for {method} {0x0000016ce303d670} 'defineClass' '(Ljava/lang/String;[BIILjava/security/CodeSource;)Ljava/lang/Class;' in 'java/security/SecureClassLoader')}
  0x0000016ccc5cc868: 4049 b8b0 | 439b e36c | 0100 0049 | 8380 4801 | 0000 014c | 8b44 2448 | 4c8b 4c24 | 508b 7c24 
  0x0000016ccc5cc888: 588b 7424 | 5c48 8bc8 | 488b 5424 

  0x0000016ccc5cc894: ;   {optimized virtual_call}
  0x0000016ccc5cc894: 4066 90e8 

  0x0000016ccc5cc898: ; ImmutableOopMap {}
                      ;*invokevirtual defineClass {reexecute=0 rethrow=0 return_oop=0}
                      ; - java.security.SecureClassLoader::defineClass@12
  0x0000016ccc5cc898: a473 acff 

  0x0000016ccc5cc89c: ;   {other}
  0x0000016ccc5cc89c: 0f1f 8400 | 8c02 0001 | 4883 c470 

  0x0000016ccc5cc8a8: ;   {poll_return}
  0x0000016ccc5cc8a8: 5d49 3ba7 | 4804 0000 | 0f87 2200 

  0x0000016ccc5cc8b4: ;   {metadata({method} {0x0000016ce303d670} 'defineClass' '(Ljava/lang/String;[BIILjava/security/CodeSource;)Ljava/lang/Class;' in 'java/security/SecureClassLoader')}
  0x0000016ccc5cc8b4: 0000 c349 | ba68 d603 | e36c 0100 | 004c 8954 | 2408 48c7 | 0424 ffff 

  0x0000016ccc5cc8cc: ;   {runtime_call counter_overflow Runtime1 stub}
  0x0000016ccc5cc8cc: ffff e8ad 

  0x0000016ccc5cc8d0: ; ImmutableOopMap {rdx=Oop r8=Oop r9=Oop rcx=Oop }
                      ;*synchronization entry
                      ; - java.security.SecureClassLoader::defineClass@-1
  0x0000016ccc5cc8d0: 43e2 06e9 | 49ff ffff 

  0x0000016ccc5cc8d8: ;   {internal_word}
  0x0000016ccc5cc8d8: 49ba a9c8 | 5ccc 6c01 | 0000 4d89 | 9760 0400 

  0x0000016ccc5cc8e8: ;   {runtime_call SafepointBlob}
  0x0000016ccc5cc8e8: 00e9 128e | d606 498b | 87f8 0400 | 0049 c787 | f804 0000 | 0000 0000 | 49c7 8700 | 0500 0000 
  0x0000016ccc5cc908: 0000 0048 | 83c4 705d 

  0x0000016ccc5cc910: ;   {runtime_call unwind_exception Runtime1 stub}
  0x0000016ccc5cc910: e96b e3e1 | 06f4 f4f4 
[Stub Code]
  0x0000016ccc5cc918: ;   {no_reloc}
  0x0000016ccc5cc918: 48bb 0000 | 0000 0000 

  0x0000016ccc5cc920: ;   {runtime_call nmethod}
  0x0000016ccc5cc920: 0000 e9fb 

  0x0000016ccc5cc924: ;   {static_stub}
  0x0000016ccc5cc924: ffff ff48 | bb00 0000 | 0000 0000 

  0x0000016ccc5cc930: ;   {runtime_call nmethod}
  0x0000016ccc5cc930: 00e9 fbff 

  0x0000016ccc5cc934: ;   {runtime_call handle_exception_from_callee Runtime1 stub}
  0x0000016ccc5cc934: ffff e845 

  0x0000016ccc5cc938: ;   {external_word}
  0x0000016ccc5cc938: 10e2 0648 | b940 ded6 | c3f9 7f00 | 0048 83e4 

  0x0000016ccc5cc948: ;   {runtime_call}
  0x0000016ccc5cc948: f048 b8b0 | 79a5 c3f9 | 7f00 00ff 

  0x0000016ccc5cc954: ;   {section_word}
  0x0000016ccc5cc954: d0f4 49ba | 56c9 5ccc | 6c01 0000 

  0x0000016ccc5cc960: ;   {runtime_call DeoptimizationBlob}
  0x0000016ccc5cc960: 4152 e939 | 80d6 06f4 
[/MachCode]


---------------  P R O C E S S  ---------------

Threads class SMR info:
_java_thread_list=0x0000016cf46917c0, length=107, elements={
0x0000016cc8c5c1f0, 0x0000016ce22de7e0, 0x0000016ce2462290, 0x0000016ce247cf50,
0x0000016ce2447820, 0x0000016ce2447e80, 0x0000016ce24488d0, 0x0000016ce244d300,
0x0000016ce2486000, 0x0000016ce25d0460, 0x0000016ce27591a0, 0x0000016ce896ca60,
0x0000016ce7364370, 0x0000016ce70c0e50, 0x0000016ce88c8560, 0x0000016ce74598a0,
0x0000016ce7fec0c0, 0x0000016ce7fec720, 0x0000016ce7eb5450, 0x0000016ce73bc3c0,
0x0000016ce73bd770, 0x0000016ce73bb010, 0x0000016ce73bb6a0, 0x0000016ce73bca50,
0x0000016ce73bd0e0, 0x0000016ce73bde00, 0x0000016ce73bbd30, 0x0000016ce73be490,
0x0000016ce962cde0, 0x0000016ce962ba30, 0x0000016ce9629ff0, 0x0000016ce962c750,
0x0000016ce962c0c0, 0x0000016ce962a680, 0x0000016ce962ad10, 0x0000016ce9989c30,
0x0000016ce998a2c0, 0x0000016ce9986e40, 0x0000016ce99881f0, 0x0000016ce9988f10,
0x0000016ce998a950, 0x0000016ce998b670, 0x0000016ce998e460, 0x0000016cf1eb3df0,
0x0000016cf1eb6550, 0x0000016cf1eb4480, 0x0000016cf1eb4b10, 0x0000016cf1eb30d0,
0x0000016cf1eb7900, 0x0000016cf1eb7270, 0x0000016cec3526e0, 0x0000016cec34ff80,
0x0000016cec352d70, 0x0000016cec352050, 0x0000016cec34f260, 0x0000016cec350610,
0x0000016cec350ca0, 0x0000016cec351330, 0x0000016cf1eb8620, 0x0000016cf1eb7f90,
0x0000016cf1eba060, 0x0000016cf1eb8cb0, 0x0000016cf1eb9340, 0x0000016cf1eb99d0,
0x0000016cf1eb6be0, 0x0000016cf1eba6f0, 0x0000016ceb413a20, 0x0000016ceb415af0,
0x0000016ceb414740, 0x0000016ceb416810, 0x0000016ce963b4a0, 0x0000016ce963a780,
0x0000016ce963ae10, 0x0000016ce9638020, 0x0000016ce963bb30, 0x0000016ce96386b0,
0x0000016ce9639a60, 0x0000016ce963c1c0, 0x0000016ce963a0f0, 0x0000016ce9638d40,
0x0000016ce963d570, 0x0000016ce963e920, 0x0000016ceb416180, 0x0000016ceb418250,
0x0000016ceb417bc0, 0x0000016ceb4188e0, 0x0000016ceb415460, 0x0000016ce963f640,
0x0000016ceb417530, 0x0000016ceb414dd0, 0x0000016ceb419600, 0x0000016ceb41b040,
0x0000016cf1ee5e80, 0x0000016cf2c45b50, 0x0000016cf34572d0, 0x0000016cf3456c40,
0x0000016cf345b470, 0x0000016cf1ee6510, 0x0000016cf1ee6ba0, 0x0000016cf1ee4ad0,
0x0000016cf1ee3720, 0x0000016cf1ee7f50, 0x0000016cf1eea6b0, 0x0000016cf2c39670,
0x0000016cf2c3e530, 0x0000016cf2c3ebc0, 0x0000016cf2c3d180
}

Java Threads: ( => current thread )
  0x0000016cc8c5c1f0 JavaThread "main"                              [_thread_blocked, id=16668, stack(0x0000005b19c00000,0x0000005b19d00000) (1024K)]
  0x0000016ce22de7e0 JavaThread "Reference Handler"          daemon [_thread_blocked, id=15616, stack(0x0000005b1a400000,0x0000005b1a500000) (1024K)]
  0x0000016ce2462290 JavaThread "Finalizer"                  daemon [_thread_blocked, id=4484, stack(0x0000005b1a500000,0x0000005b1a600000) (1024K)]
  0x0000016ce247cf50 JavaThread "Signal Dispatcher"          daemon [_thread_blocked, id=3724, stack(0x0000005b1a600000,0x0000005b1a700000) (1024K)]
  0x0000016ce2447820 JavaThread "Attach Listener"            daemon [_thread_blocked, id=15692, stack(0x0000005b1a700000,0x0000005b1a800000) (1024K)]
  0x0000016ce2447e80 JavaThread "Service Thread"             daemon [_thread_blocked, id=5324, stack(0x0000005b1a800000,0x0000005b1a900000) (1024K)]
  0x0000016ce24488d0 JavaThread "Monitor Deflation Thread"   daemon [_thread_blocked, id=10252, stack(0x0000005b1a900000,0x0000005b1aa00000) (1024K)]
  0x0000016ce244d300 JavaThread "C2 CompilerThread0"         daemon [_thread_blocked, id=2528, stack(0x0000005b1aa00000,0x0000005b1ab00000) (1024K)]
  0x0000016ce2486000 JavaThread "C1 CompilerThread0"         daemon [_thread_blocked, id=16748, stack(0x0000005b1ab00000,0x0000005b1ac00000) (1024K)]
  0x0000016ce25d0460 JavaThread "Common-Cleaner"             daemon [_thread_blocked, id=16460, stack(0x0000005b1ac00000,0x0000005b1ad00000) (1024K)]
  0x0000016ce27591a0 JavaThread "Notification Thread"        daemon [_thread_blocked, id=1888, stack(0x0000005b1ad00000,0x0000005b1ae00000) (1024K)]
  0x0000016ce896ca60 JavaThread "Daemon health stats"               [_thread_blocked, id=13524, stack(0x0000005b1b100000,0x0000005b1b200000) (1024K)]
  0x0000016ce7364370 JavaThread "Incoming local TCP Connector on port 56150"        [_thread_in_native, id=16616, stack(0x0000005b1b200000,0x0000005b1b300000) (1024K)]
  0x0000016ce70c0e50 JavaThread "Daemon periodic checks"            [_thread_blocked, id=13332, stack(0x0000005b1b300000,0x0000005b1b400000) (1024K)]
  0x0000016ce88c8560 JavaThread "Daemon"                            [_thread_blocked, id=8520, stack(0x0000005b1b400000,0x0000005b1b500000) (1024K)]
  0x0000016ce74598a0 JavaThread "Handler for socket connection from /127.0.0.1:56150 to /127.0.0.1:56152"        [_thread_in_native, id=14392, stack(0x0000005b1b500000,0x0000005b1b600000) (1024K)]
  0x0000016ce7fec0c0 JavaThread "Cancel handler"                    [_thread_blocked, id=1728, stack(0x0000005b1b600000,0x0000005b1b700000) (1024K)]
  0x0000016ce7fec720 JavaThread "Daemon worker"                     [_thread_blocked, id=1336, stack(0x0000005b1b700000,0x0000005b1b800000) (1024K)]
  0x0000016ce7eb5450 JavaThread "Asynchronous log dispatcher for DefaultDaemonConnection: socket connection from /127.0.0.1:56150 to /127.0.0.1:56152"        [_thread_blocked, id=8128, stack(0x0000005b1b800000,0x0000005b1b900000) (1024K)]
  0x0000016ce73bc3c0 JavaThread "Stdin handler"                     [_thread_blocked, id=9512, stack(0x0000005b1b900000,0x0000005b1ba00000) (1024K)]
  0x0000016ce73bd770 JavaThread "Daemon client event forwarder"        [_thread_blocked, id=14808, stack(0x0000005b1ba00000,0x0000005b1bb00000) (1024K)]
  0x0000016ce73bb010 JavaThread "Cache worker for journal cache (C:\Users\past9\.gradle\caches\journal-1)"        [_thread_blocked, id=6400, stack(0x0000005b1bb00000,0x0000005b1bc00000) (1024K)]
  0x0000016ce73bb6a0 JavaThread "File lock request listener"        [_thread_in_native, id=4216, stack(0x0000005b1bc00000,0x0000005b1bd00000) (1024K)]
  0x0000016ce73bca50 JavaThread "Cache worker for file hash cache (C:\Users\past9\.gradle\caches\8.13\fileHashes)"        [_thread_blocked, id=12304, stack(0x0000005b1bd00000,0x0000005b1be00000) (1024K)]
  0x0000016ce73bd0e0 JavaThread "Cache worker for file hash cache (C:\Users\past9\OneDrive\Desktop\project\FFF\MemGallery\.gradle\8.13\fileHashes)"        [_thread_blocked, id=7560, stack(0x0000005b1bf00000,0x0000005b1c000000) (1024K)]
  0x0000016ce73bde00 JavaThread "Cache worker for Build Output Cleanup Cache (C:\Users\past9\OneDrive\Desktop\project\FFF\MemGallery\.gradle\buildOutputCleanup)"        [_thread_blocked, id=13420, stack(0x0000005b1c000000,0x0000005b1c100000) (1024K)]
  0x0000016ce73bbd30 JavaThread "File watcher server"        daemon [_thread_blocked, id=14736, stack(0x0000005b1c100000,0x0000005b1c200000) (1024K)]
  0x0000016ce73be490 JavaThread "File watcher consumer"      daemon [_thread_blocked, id=17356, stack(0x0000005b1c200000,0x0000005b1c300000) (1024K)]
  0x0000016ce962cde0 JavaThread "Cache worker for checksums cache (C:\Users\past9\OneDrive\Desktop\project\FFF\MemGallery\.gradle\8.13\checksums)"        [_thread_blocked, id=12524, stack(0x0000005b1c300000,0x0000005b1c400000) (1024K)]
  0x0000016ce962ba30 JavaThread "Cache worker for file content cache (C:\Users\past9\.gradle\caches\8.13\fileContent)"        [_thread_blocked, id=7304, stack(0x0000005b1c400000,0x0000005b1c500000) (1024K)]
  0x0000016ce9629ff0 JavaThread "Cache worker for cache directory md-supplier (C:\Users\past9\.gradle\caches\8.13\md-supplier)"        [_thread_blocked, id=1560, stack(0x0000005b1c500000,0x0000005b1c600000) (1024K)]
  0x0000016ce962c750 JavaThread "Cache worker for cache directory md-rule (C:\Users\past9\.gradle\caches\8.13\md-rule)"        [_thread_blocked, id=9116, stack(0x0000005b1c600000,0x0000005b1c700000) (1024K)]
  0x0000016ce962c0c0 JavaThread "Unconstrained build operations"        [_thread_blocked, id=17116, stack(0x0000005b1c800000,0x0000005b1c900000) (1024K)]
  0x0000016ce962a680 JavaThread "Unconstrained build operations Thread 2"        [_thread_blocked, id=7216, stack(0x0000005b1c900000,0x0000005b1ca00000) (1024K)]
  0x0000016ce962ad10 JavaThread "Unconstrained build operations Thread 3"        [_thread_blocked, id=4392, stack(0x0000005b1ca00000,0x0000005b1cb00000) (1024K)]
  0x0000016ce9989c30 JavaThread "Unconstrained build operations Thread 4"        [_thread_blocked, id=1968, stack(0x0000005b1c700000,0x0000005b1c800000) (1024K)]
  0x0000016ce998a2c0 JavaThread "Unconstrained build operations Thread 5"        [_thread_blocked, id=14544, stack(0x0000005b1cb00000,0x0000005b1cc00000) (1024K)]
  0x0000016ce9986e40 JavaThread "Unconstrained build operations Thread 6"        [_thread_blocked, id=8728, stack(0x0000005b1cc00000,0x0000005b1cd00000) (1024K)]
  0x0000016ce99881f0 JavaThread "Unconstrained build operations Thread 7"        [_thread_blocked, id=12240, stack(0x0000005b1ce00000,0x0000005b1cf00000) (1024K)]
  0x0000016ce9988f10 JavaThread "Unconstrained build operations Thread 8"        [_thread_blocked, id=4780, stack(0x0000005b1cf00000,0x0000005b1d000000) (1024K)]
  0x0000016ce998a950 JavaThread "Unconstrained build operations Thread 9"        [_thread_blocked, id=15908, stack(0x0000005b1d000000,0x0000005b1d100000) (1024K)]
  0x0000016ce998b670 JavaThread "Memory manager"                    [_thread_blocked, id=4560, stack(0x0000005b1cd00000,0x0000005b1ce00000) (1024K)]
  0x0000016ce998e460 JavaThread "build event listener"              [_thread_blocked, id=12308, stack(0x0000005b1d100000,0x0000005b1d200000) (1024K)]
  0x0000016cf1eb3df0 JavaThread "pool-3-thread-1"                   [_thread_blocked, id=7140, stack(0x0000005b19b00000,0x0000005b19c00000) (1024K)]
  0x0000016cf1eb6550 JavaThread "build event listener"              [_thread_blocked, id=4936, stack(0x0000005b1d300000,0x0000005b1d400000) (1024K)]
  0x0000016cf1eb4480 JavaThread "included builds"                   [_thread_blocked, id=12672, stack(0x0000005b1d400000,0x0000005b1d500000) (1024K)]
  0x0000016cf1eb4b10 JavaThread "Execution worker"                  [_thread_blocked, id=14880, stack(0x0000005b1d500000,0x0000005b1d600000) (1024K)]
  0x0000016cf1eb30d0 JavaThread "Execution worker Thread 2"         [_thread_blocked, id=12700, stack(0x0000005b1d600000,0x0000005b1d700000) (1024K)]
  0x0000016cf1eb7900 JavaThread "Execution worker Thread 3"         [_thread_blocked, id=8652, stack(0x0000005b1d700000,0x0000005b1d800000) (1024K)]
  0x0000016cf1eb7270 JavaThread "Cache worker for execution history cache (C:\Users\past9\OneDrive\Desktop\project\FFF\MemGallery\.gradle\8.13\executionHistory)"        [_thread_blocked, id=7644, stack(0x0000005b1d800000,0x0000005b1d900000) (1024K)]
  0x0000016cec3526e0 JavaThread "Unconstrained build operations Thread 10"        [_thread_blocked, id=14804, stack(0x0000005b1d900000,0x0000005b1da00000) (1024K)]
  0x0000016cec34ff80 JavaThread "Unconstrained build operations Thread 11"        [_thread_blocked, id=11848, stack(0x0000005b1da00000,0x0000005b1db00000) (1024K)]
  0x0000016cec352d70 JavaThread "Unconstrained build operations Thread 12"        [_thread_blocked, id=3656, stack(0x0000005b1db00000,0x0000005b1dc00000) (1024K)]
  0x0000016cec352050 JavaThread "Unconstrained build operations Thread 13"        [_thread_blocked, id=4336, stack(0x0000005b19a00000,0x0000005b19b00000) (1024K)]
  0x0000016cec34f260 JavaThread "Unconstrained build operations Thread 14"        [_thread_blocked, id=7432, stack(0x0000005b1dc00000,0x0000005b1dd00000) (1024K)]
  0x0000016cec350610 JavaThread "Unconstrained build operations Thread 15"        [_thread_blocked, id=4356, stack(0x0000005b1dd00000,0x0000005b1de00000) (1024K)]
  0x0000016cec350ca0 JavaThread "Unconstrained build operations Thread 16"        [_thread_blocked, id=12228, stack(0x0000005b1de00000,0x0000005b1df00000) (1024K)]
  0x0000016cec351330 JavaThread "Unconstrained build operations Thread 17"        [_thread_blocked, id=11364, stack(0x0000005b1df00000,0x0000005b1e000000) (1024K)]
  0x0000016cf1eb8620 JavaThread "Unconstrained build operations Thread 18"        [_thread_blocked, id=17404, stack(0x0000005b1e000000,0x0000005b1e100000) (1024K)]
  0x0000016cf1eb7f90 JavaThread "Unconstrained build operations Thread 19"        [_thread_blocked, id=13724, stack(0x0000005b1e100000,0x0000005b1e200000) (1024K)]
  0x0000016cf1eba060 JavaThread "Unconstrained build operations Thread 20"        [_thread_blocked, id=10228, stack(0x0000005b1e300000,0x0000005b1e400000) (1024K)]
  0x0000016cf1eb8cb0 JavaThread "Unconstrained build operations Thread 21"        [_thread_blocked, id=17232, stack(0x0000005b1e400000,0x0000005b1e500000) (1024K)]
  0x0000016cf1eb9340 JavaThread "Unconstrained build operations Thread 22"        [_thread_blocked, id=3908, stack(0x0000005b1e500000,0x0000005b1e600000) (1024K)]
  0x0000016cf1eb99d0 JavaThread "Unconstrained build operations Thread 23"        [_thread_blocked, id=16812, stack(0x0000005b1e600000,0x0000005b1e700000) (1024K)]
  0x0000016cf1eb6be0 JavaThread "Unconstrained build operations Thread 24"        [_thread_blocked, id=3792, stack(0x0000005b1e700000,0x0000005b1e800000) (1024K)]
  0x0000016cf1eba6f0 JavaThread "Unconstrained build operations Thread 25"        [_thread_blocked, id=17236, stack(0x0000005b1e800000,0x0000005b1e900000) (1024K)]
  0x0000016ceb413a20 JavaThread "Unconstrained build operations Thread 26"        [_thread_blocked, id=7772, stack(0x0000005b1e900000,0x0000005b1ea00000) (1024K)]
  0x0000016ceb415af0 JavaThread "Unconstrained build operations Thread 27"        [_thread_blocked, id=1640, stack(0x0000005b1ea00000,0x0000005b1eb00000) (1024K)]
  0x0000016ceb414740 JavaThread "Unconstrained build operations Thread 28"        [_thread_blocked, id=12400, stack(0x0000005b1eb00000,0x0000005b1ec00000) (1024K)]
  0x0000016ceb416810 JavaThread "Unconstrained build operations Thread 29"        [_thread_blocked, id=2596, stack(0x0000005b1ec00000,0x0000005b1ed00000) (1024K)]
  0x0000016ce963b4a0 JavaThread "Unconstrained build operations Thread 30"        [_thread_blocked, id=15024, stack(0x0000005b1ed00000,0x0000005b1ee00000) (1024K)]
  0x0000016ce963a780 JavaThread "Unconstrained build operations Thread 31"        [_thread_blocked, id=2164, stack(0x0000005b1ee00000,0x0000005b1ef00000) (1024K)]
  0x0000016ce963ae10 JavaThread "Unconstrained build operations Thread 32"        [_thread_blocked, id=15200, stack(0x0000005b1ef00000,0x0000005b1f000000) (1024K)]
  0x0000016ce9638020 JavaThread "Unconstrained build operations Thread 33"        [_thread_blocked, id=4952, stack(0x0000005b1f000000,0x0000005b1f100000) (1024K)]
  0x0000016ce963bb30 JavaThread "Unconstrained build operations Thread 34"        [_thread_blocked, id=10500, stack(0x0000005b1f100000,0x0000005b1f200000) (1024K)]
  0x0000016ce96386b0 JavaThread "Unconstrained build operations Thread 35"        [_thread_blocked, id=13492, stack(0x0000005b1f200000,0x0000005b1f300000) (1024K)]
  0x0000016ce9639a60 JavaThread "Unconstrained build operations Thread 36"        [_thread_blocked, id=17332, stack(0x0000005b1e200000,0x0000005b1e300000) (1024K)]
  0x0000016ce963c1c0 JavaThread "Unconstrained build operations Thread 37"        [_thread_blocked, id=12920, stack(0x0000005b1f300000,0x0000005b1f400000) (1024K)]
  0x0000016ce963a0f0 JavaThread "Unconstrained build operations Thread 38"        [_thread_blocked, id=16852, stack(0x0000005b1f400000,0x0000005b1f500000) (1024K)]
  0x0000016ce9638d40 JavaThread "Unconstrained build operations Thread 39"        [_thread_blocked, id=12604, stack(0x0000005b1f500000,0x0000005b1f600000) (1024K)]
  0x0000016ce963d570 JavaThread "Unconstrained build operations Thread 40"        [_thread_blocked, id=15520, stack(0x0000005b1f600000,0x0000005b1f700000) (1024K)]
=>0x0000016ce963e920 JavaThread "WorkerExecutor Queue"              [_thread_in_vm, id=10528, stack(0x0000005b1f700000,0x0000005b1f800000) (1024K)]
  0x0000016ceb416180 JavaThread "RMI Scheduler(0)"           daemon [_thread_blocked, id=1512, stack(0x0000005b1f800000,0x0000005b1f900000) (1024K)]
  0x0000016ceb418250 JavaThread "RMI GC Daemon"              daemon [_thread_blocked, id=12004, stack(0x0000005b1fa00000,0x0000005b1fb00000) (1024K)]
  0x0000016ceb417bc0 JavaThread "WorkerExecutor Queue Thread 2"        [_thread_in_vm, id=13112, stack(0x0000005b1fb00000,0x0000005b1fc00000) (1024K)]
  0x0000016ceb4188e0 JavaThread "RMI TCP Accept-0"           daemon [_thread_in_native, id=17376, stack(0x0000005b1fd00000,0x0000005b1fe00000) (1024K)]
  0x0000016ceb415460 JavaThread "RMI Reaper"                        [_thread_blocked, id=2776, stack(0x0000005b1fe00000,0x0000005b1ff00000) (1024K)]
  0x0000016ce963f640 JavaThread "WorkerExecutor Queue Thread 4"        [_thread_blocked, id=1028, stack(0x0000005b20300000,0x0000005b20400000) (1024K)]
  0x0000016ceb417530 JavaThread "Cache worker for Java compile cache (C:\Users\past9\.gradle\caches\8.13\javaCompile)"        [_thread_blocked, id=8392, stack(0x0000005b1d200000,0x0000005b1d300000) (1024K)]
  0x0000016ceb414dd0 JavaThread "Build operations"                  [_thread_blocked, id=16768, stack(0x0000005b1f900000,0x0000005b1fa00000) (1024K)]
  0x0000016ceb419600 JavaThread "Build operations Thread 2"         [_thread_blocked, id=2196, stack(0x0000005b1fc00000,0x0000005b1fd00000) (1024K)]
  0x0000016ceb41b040 JavaThread "Build operations Thread 3"         [_thread_blocked, id=16648, stack(0x0000005b20100000,0x0000005b20200000) (1024K)]
  0x0000016cf1ee5e80 JavaThread "Build operations Thread 4"         [_thread_blocked, id=15256, stack(0x0000005b20500000,0x0000005b20600000) (1024K)]
  0x0000016cf2c45b50 JavaThread "ForkJoinPool.commonPool-worker-1" daemon [_thread_blocked, id=9300, stack(0x0000005b1be00000,0x0000005b1bf00000) (1024K)]
  0x0000016cf34572d0 JavaThread "ForkJoinPool.commonPool-worker-2" daemon [_thread_blocked, id=15480, stack(0x0000005b1ff00000,0x0000005b20000000) (1024K)]
  0x0000016cf3456c40 JavaThread "ForkJoinPool.commonPool-worker-3" daemon [_thread_blocked, id=16248, stack(0x0000005b20000000,0x0000005b20100000) (1024K)]
  0x0000016cf345b470 JavaThread "WorkerExecutor Queue Thread 5"        [_thread_blocked, id=13016, stack(0x0000005b20600000,0x0000005b20700000) (1024K)]
  0x0000016cf1ee6510 JavaThread "Java2D Disposer"            daemon [_thread_blocked, id=1556, stack(0x0000005b20800000,0x0000005b20900000) (1024K)]
  0x0000016cf1ee6ba0 JavaThread "AWT-Windows"                daemon [_thread_in_native, id=8396, stack(0x0000005b20a00000,0x0000005b20b00000) (1024K)]
  0x0000016cf1ee4ad0 JavaThread "ForkJoinPool-1-worker-1"    daemon [_thread_blocked, id=17192, stack(0x0000005b20900000,0x0000005b20a00000) (1024K)]
  0x0000016cf1ee3720 JavaThread "ForkJoinPool-1-worker-2"    daemon [_thread_blocked, id=7156, stack(0x0000005b20b00000,0x0000005b20c00000) (1024K)]
  0x0000016cf1ee7f50 JavaThread "ForkJoinPool-1-worker-3"    daemon [_thread_blocked, id=17364, stack(0x0000005b20c00000,0x0000005b20d00000) (1024K)]
  0x0000016cf1eea6b0 JavaThread "ForkJoinPool-1-worker-4"    daemon [_thread_blocked, id=7588, stack(0x0000005b20d00000,0x0000005b20e00000) (1024K)]
  0x0000016cf2c39670 JavaThread "DefaultDispatcher-worker-1" daemon [_thread_blocked, id=15916, stack(0x0000005b20f00000,0x0000005b21000000) (1024K)]
  0x0000016cf2c3e530 JavaThread "DefaultDispatcher-worker-2" daemon [_thread_blocked, id=4376, stack(0x0000005b21000000,0x0000005b21100000) (1024K)]
  0x0000016cf2c3ebc0 JavaThread "DefaultDispatcher-worker-3" daemon [_thread_blocked, id=12512, stack(0x0000005b21100000,0x0000005b21200000) (1024K)]
  0x0000016cf2c3d180 JavaThread "DefaultDispatcher-worker-4" daemon [_thread_blocked, id=14372, stack(0x0000005b21200000,0x0000005b21300000) (1024K)]
Total: 107

Other Threads:
  0x0000016ce22bdae0 VMThread "VM Thread"                           [id=15664, stack(0x0000005b1a300000,0x0000005b1a400000) (1024K)] _threads_hazard_ptr=0x0000016cf46917c0
  0x0000016ce2224630 WatcherThread "VM Periodic Task Thread"        [id=8512, stack(0x0000005b1a200000,0x0000005b1a300000) (1024K)]
  0x0000016cc8cc4720 WorkerThread "GC Thread#0"                     [id=17296, stack(0x0000005b19d00000,0x0000005b19e00000) (1024K)]
  0x0000016ce701e450 WorkerThread "GC Thread#1"                     [id=14588, stack(0x0000005b1ae00000,0x0000005b1af00000) (1024K)]
  0x0000016ce701e7f0 WorkerThread "GC Thread#2"                     [id=5720, stack(0x0000005b1af00000,0x0000005b1b000000) (1024K)]
  0x0000016ce7593f30 WorkerThread "GC Thread#3"                     [id=13680, stack(0x0000005b1b000000,0x0000005b1b100000) (1024K)]
  0x0000016cc8cd5610 ConcurrentGCThread "G1 Main Marker"            [id=13032, stack(0x0000005b19e00000,0x0000005b19f00000) (1024K)]
  0x0000016cc8cd7e10 WorkerThread "G1 Conc#0"                       [id=10312, stack(0x0000005b19f00000,0x0000005b1a000000) (1024K)]
  0x0000016ce20f20b0 ConcurrentGCThread "G1 Refine#0"               [id=9716, stack(0x0000005b1a000000,0x0000005b1a100000) (1024K)]
  0x0000016ce20f38e0 ConcurrentGCThread "G1 Service"                [id=7828, stack(0x0000005b1a100000,0x0000005b1a200000) (1024K)]
Total: 10

Threads with active compile tasks:
Total: 0

VM state: synchronizing (normal execution)

VM Mutex/Monitor currently owned by a thread:  ([mutex/lock_event])
[0x00007ff9c3fdc1a0] Metaspace_lock - owner thread: 0x0000016ce963e920
[0x00007ff9c3fde3a0] Threads_lock - owner thread: 0x0000016ce22bdae0

Heap address: 0x0000000700000000, size: 4096 MB, Compressed Oops mode: Zero based, Oop shift amount: 3

CDS archive(s) not mapped
Compressed class space mapped at: 0x0000000800000000-0x0000000840000000, reserved size: 1073741824
Narrow klass base: 0x0000000800000000, Narrow klass shift: 0, Narrow klass range: 0x40000000

GC Precious Log:
 CardTable entry size: 512
 Card Set container configuration: InlinePtr #cards 4 size 8 Array Of Cards #cards 16 size 48 Howl #buckets 8 coarsen threshold 3686 Howl Bitmap #cards 512 size 80 coarsen threshold 460 Card regions per heap region 1 cards per card region 4096
 CPUs: 4 total, 4 available
 Memory: 8043M
 Large Page Support: Disabled
 NUMA Support: Disabled
 Compressed Oops: Enabled (Zero based)
 Heap Region Size: 2M
 Heap Min Capacity: 8M
 Heap Initial Capacity: 126M
 Heap Max Capacity: 4G
 Pre-touch: Disabled
 Parallel Workers: 4
 Concurrent Workers: 1
 Concurrent Refinement Workers: 4
 Periodic GC: Disabled

Heap:
 garbage-first heap   total 1607680K, used 796066K [0x0000000700000000, 0x0000000800000000)
  region size 2048K, 23 young (47104K), 13 survivors (26624K)
 Metaspace       used 235713K, committed 238336K, reserved 1310720K
  class space    used 30368K, committed 31680K, reserved 1048576K

Heap Regions: E=young(eden), S=young(survivor), O=old, HS=humongous(starts), HC=humongous(continues), CS=collection set, F=free, TAMS=top-at-mark-start, PB=parsable bottom
|   0|0x0000000700000000, 0x0000000700200000, 0x0000000700200000|100%|HS|  |TAMS 0x0000000700000000| PB 0x0000000700000000| Complete 
|   1|0x0000000700200000, 0x0000000700400000, 0x0000000700400000|100%|HC|  |TAMS 0x0000000700200000| PB 0x0000000700200000| Complete 
|   2|0x0000000700400000, 0x0000000700600000, 0x0000000700600000|100%| O|  |TAMS 0x0000000700400000| PB 0x0000000700400000| Untracked 
|   3|0x0000000700600000, 0x0000000700800000, 0x0000000700800000|100%| O|  |TAMS 0x0000000700600000| PB 0x0000000700600000| Untracked 
|   4|0x0000000700800000, 0x0000000700a00000, 0x0000000700a00000|100%| O|  |TAMS 0x0000000700800000| PB 0x0000000700800000| Untracked 
|   5|0x0000000700a00000, 0x0000000700c00000, 0x0000000700c00000|100%| O|  |TAMS 0x0000000700a00000| PB 0x0000000700a00000| Untracked 
|   6|0x0000000700c00000, 0x0000000700e00000, 0x0000000700e00000|100%| O|  |TAMS 0x0000000700c00000| PB 0x0000000700c00000| Untracked 
|   7|0x0000000700e00000, 0x0000000701000000, 0x0000000701000000|100%| O|  |TAMS 0x0000000700e00000| PB 0x0000000700e00000| Untracked 
|   8|0x0000000701000000, 0x0000000701200000, 0x0000000701200000|100%| O|  |TAMS 0x0000000701000000| PB 0x0000000701000000| Untracked 
|   9|0x0000000701200000, 0x0000000701400000, 0x0000000701400000|100%| O|  |TAMS 0x0000000701200000| PB 0x0000000701200000| Untracked 
|  10|0x0000000701400000, 0x0000000701600000, 0x0000000701600000|100%| O|  |TAMS 0x0000000701400000| PB 0x0000000701400000| Untracked 
|  11|0x0000000701600000, 0x0000000701800000, 0x0000000701800000|100%| O|  |TAMS 0x0000000701600000| PB 0x0000000701600000| Untracked 
|  12|0x0000000701800000, 0x0000000701a00000, 0x0000000701a00000|100%| O|  |TAMS 0x0000000701800000| PB 0x0000000701800000| Untracked 
|  13|0x0000000701a00000, 0x0000000701c00000, 0x0000000701c00000|100%| O|  |TAMS 0x0000000701a00000| PB 0x0000000701a00000| Untracked 
|  14|0x0000000701c00000, 0x0000000701e00000, 0x0000000701e00000|100%| O|  |TAMS 0x0000000701c00000| PB 0x0000000701c00000| Untracked 
|  15|0x0000000701e00000, 0x0000000702000000, 0x0000000702000000|100%| O|  |TAMS 0x0000000701e00000| PB 0x0000000701e00000| Untracked 
|  16|0x0000000702000000, 0x0000000702200000, 0x0000000702200000|100%| O|  |TAMS 0x0000000702000000| PB 0x0000000702000000| Untracked 
|  17|0x0000000702200000, 0x0000000702400000, 0x0000000702400000|100%| O|  |TAMS 0x0000000702200000| PB 0x0000000702200000| Untracked 
|  18|0x0000000702400000, 0x0000000702600000, 0x0000000702600000|100%| O|  |TAMS 0x0000000702400000| PB 0x0000000702400000| Untracked 
|  19|0x0000000702600000, 0x0000000702800000, 0x0000000702800000|100%| O|  |TAMS 0x0000000702600000| PB 0x0000000702600000| Untracked 
|  20|0x0000000702800000, 0x0000000702a00000, 0x0000000702a00000|100%| O|  |TAMS 0x0000000702800000| PB 0x0000000702800000| Untracked 
|  21|0x0000000702a00000, 0x0000000702c00000, 0x0000000702c00000|100%| O|  |TAMS 0x0000000702a00000| PB 0x0000000702a00000| Untracked 
|  22|0x0000000702c00000, 0x0000000702e00000, 0x0000000702e00000|100%| O|  |TAMS 0x0000000702c00000| PB 0x0000000702c00000| Untracked 
|  23|0x0000000702e00000, 0x0000000703000000, 0x0000000703000000|100%| O|  |TAMS 0x0000000702e00000| PB 0x0000000702e00000| Untracked 
|  24|0x0000000703000000, 0x0000000703200000, 0x0000000703200000|100%| O|  |TAMS 0x0000000703000000| PB 0x0000000703000000| Untracked 
|  25|0x0000000703200000, 0x0000000703400000, 0x0000000703400000|100%| O|  |TAMS 0x0000000703200000| PB 0x0000000703200000| Untracked 
|  26|0x0000000703400000, 0x0000000703600000, 0x0000000703600000|100%| O|  |TAMS 0x0000000703400000| PB 0x0000000703400000| Untracked 
|  27|0x0000000703600000, 0x0000000703800000, 0x0000000703800000|100%| O|  |TAMS 0x0000000703600000| PB 0x0000000703600000| Untracked 
|  28|0x0000000703800000, 0x0000000703a00000, 0x0000000703a00000|100%|HS|  |TAMS 0x0000000703800000| PB 0x0000000703800000| Complete 
|  29|0x0000000703a00000, 0x0000000703c00000, 0x0000000703c00000|100%|HS|  |TAMS 0x0000000703a00000| PB 0x0000000703a00000| Complete 
|  30|0x0000000703c00000, 0x0000000703e00000, 0x0000000703e00000|100%| O|  |TAMS 0x0000000703c00000| PB 0x0000000703c00000| Untracked 
|  31|0x0000000703e00000, 0x0000000704000000, 0x0000000704000000|100%| O|  |TAMS 0x0000000703e00000| PB 0x0000000703e00000| Untracked 
|  32|0x0000000704000000, 0x0000000704200000, 0x0000000704200000|100%| O|  |TAMS 0x0000000704000000| PB 0x0000000704000000| Untracked 
|  33|0x0000000704200000, 0x0000000704400000, 0x0000000704400000|100%|HS|  |TAMS 0x0000000704200000| PB 0x0000000704200000| Complete 
|  34|0x0000000704400000, 0x0000000704600000, 0x0000000704600000|100%|HC|  |TAMS 0x0000000704400000| PB 0x0000000704400000| Complete 
|  35|0x0000000704600000, 0x0000000704800000, 0x0000000704800000|100%| O|  |TAMS 0x0000000704600000| PB 0x0000000704600000| Untracked 
|  36|0x0000000704800000, 0x0000000704a00000, 0x0000000704a00000|100%| O|  |TAMS 0x0000000704800000| PB 0x0000000704800000| Untracked 
|  37|0x0000000704a00000, 0x0000000704c00000, 0x0000000704c00000|100%| O|  |TAMS 0x0000000704a00000| PB 0x0000000704a00000| Untracked 
|  38|0x0000000704c00000, 0x0000000704e00000, 0x0000000704e00000|100%| O|  |TAMS 0x0000000704c00000| PB 0x0000000704c00000| Untracked 
|  39|0x0000000704e00000, 0x0000000705000000, 0x0000000705000000|100%| O|  |TAMS 0x0000000704e00000| PB 0x0000000704e00000| Untracked 
|  40|0x0000000705000000, 0x0000000705200000, 0x0000000705200000|100%| O|  |TAMS 0x0000000705000000| PB 0x0000000705000000| Untracked 
|  41|0x0000000705200000, 0x0000000705400000, 0x0000000705400000|100%|HS|  |TAMS 0x0000000705200000| PB 0x0000000705200000| Complete 
|  42|0x0000000705400000, 0x0000000705600000, 0x0000000705600000|100%|HC|  |TAMS 0x0000000705400000| PB 0x0000000705400000| Complete 
|  43|0x0000000705600000, 0x0000000705800000, 0x0000000705800000|100%| O|  |TAMS 0x0000000705600000| PB 0x0000000705600000| Untracked 
|  44|0x0000000705800000, 0x0000000705a00000, 0x0000000705a00000|100%| O|  |TAMS 0x0000000705800000| PB 0x0000000705800000| Untracked 
|  45|0x0000000705a00000, 0x0000000705c00000, 0x0000000705c00000|100%| O|  |TAMS 0x0000000705a00000| PB 0x0000000705a00000| Untracked 
|  46|0x0000000705c00000, 0x0000000705e00000, 0x0000000705e00000|100%| O|  |TAMS 0x0000000705c00000| PB 0x0000000705c00000| Untracked 
|  47|0x0000000705e00000, 0x0000000706000000, 0x0000000706000000|100%| O|  |TAMS 0x0000000705e00000| PB 0x0000000705e00000| Untracked 
|  48|0x0000000706000000, 0x0000000706200000, 0x0000000706200000|100%| O|  |TAMS 0x0000000706000000| PB 0x0000000706000000| Untracked 
|  49|0x0000000706200000, 0x0000000706400000, 0x0000000706400000|100%| O|  |TAMS 0x0000000706200000| PB 0x0000000706200000| Untracked 
|  50|0x0000000706400000, 0x0000000706600000, 0x0000000706600000|100%| O|  |TAMS 0x0000000706400000| PB 0x0000000706400000| Untracked 
|  51|0x0000000706600000, 0x0000000706800000, 0x0000000706800000|100%| O|  |TAMS 0x0000000706600000| PB 0x0000000706600000| Untracked 
|  52|0x0000000706800000, 0x0000000706a00000, 0x0000000706a00000|100%| O|  |TAMS 0x0000000706800000| PB 0x0000000706800000| Untracked 
|  53|0x0000000706a00000, 0x0000000706c00000, 0x0000000706c00000|100%| O|  |TAMS 0x0000000706a00000| PB 0x0000000706a00000| Untracked 
|  54|0x0000000706c00000, 0x0000000706e00000, 0x0000000706e00000|100%| O|  |TAMS 0x0000000706c00000| PB 0x0000000706c00000| Untracked 
|  55|0x0000000706e00000, 0x0000000707000000, 0x0000000707000000|100%| O|  |TAMS 0x0000000706e00000| PB 0x0000000706e00000| Untracked 
|  56|0x0000000707000000, 0x0000000707200000, 0x0000000707200000|100%| O|  |TAMS 0x0000000707000000| PB 0x0000000707000000| Untracked 
|  57|0x0000000707200000, 0x0000000707400000, 0x0000000707400000|100%| O|  |TAMS 0x0000000707200000| PB 0x0000000707200000| Untracked 
|  58|0x0000000707400000, 0x0000000707600000, 0x0000000707600000|100%| O|  |TAMS 0x0000000707400000| PB 0x0000000707400000| Untracked 
|  59|0x0000000707600000, 0x0000000707800000, 0x0000000707800000|100%| O|  |TAMS 0x0000000707600000| PB 0x0000000707600000| Untracked 
|  60|0x0000000707800000, 0x0000000707a00000, 0x0000000707a00000|100%| O|  |TAMS 0x0000000707800000| PB 0x0000000707800000| Untracked 
|  61|0x0000000707a00000, 0x0000000707c00000, 0x0000000707c00000|100%| O|  |TAMS 0x0000000707a00000| PB 0x0000000707a00000| Untracked 
|  62|0x0000000707c00000, 0x0000000707e00000, 0x0000000707e00000|100%| O|  |TAMS 0x0000000707c00000| PB 0x0000000707c00000| Untracked 
|  63|0x0000000707e00000, 0x0000000708000000, 0x0000000708000000|100%| O|  |TAMS 0x0000000707e00000| PB 0x0000000707e00000| Untracked 
|  64|0x0000000708000000, 0x0000000708200000, 0x0000000708200000|100%| O|  |TAMS 0x0000000708000000| PB 0x0000000708000000| Untracked 
|  65|0x0000000708200000, 0x0000000708400000, 0x0000000708400000|100%| O|  |TAMS 0x0000000708200000| PB 0x0000000708200000| Untracked 
|  66|0x0000000708400000, 0x0000000708600000, 0x0000000708600000|100%| O|  |TAMS 0x0000000708400000| PB 0x0000000708400000| Untracked 
|  67|0x0000000708600000, 0x0000000708800000, 0x0000000708800000|100%| O|  |TAMS 0x0000000708600000| PB 0x0000000708600000| Untracked 
|  68|0x0000000708800000, 0x0000000708a00000, 0x0000000708a00000|100%| O|  |TAMS 0x0000000708800000| PB 0x0000000708800000| Untracked 
|  69|0x0000000708a00000, 0x0000000708c00000, 0x0000000708c00000|100%| O|  |TAMS 0x0000000708a00000| PB 0x0000000708a00000| Untracked 
|  70|0x0000000708c00000, 0x0000000708e00000, 0x0000000708e00000|100%| O|  |TAMS 0x0000000708c00000| PB 0x0000000708c00000| Untracked 
|  71|0x0000000708e00000, 0x0000000709000000, 0x0000000709000000|100%|HS|  |TAMS 0x0000000708e00000| PB 0x0000000708e00000| Complete 
|  72|0x0000000709000000, 0x0000000709200000, 0x0000000709200000|100%|HC|  |TAMS 0x0000000709000000| PB 0x0000000709000000| Complete 
|  73|0x0000000709200000, 0x0000000709400000, 0x0000000709400000|100%| O|  |TAMS 0x0000000709200000| PB 0x0000000709200000| Untracked 
|  74|0x0000000709400000, 0x0000000709600000, 0x0000000709600000|100%| O|  |TAMS 0x0000000709400000| PB 0x0000000709400000| Untracked 
|  75|0x0000000709600000, 0x0000000709800000, 0x0000000709800000|100%| O|  |TAMS 0x0000000709600000| PB 0x0000000709600000| Untracked 
|  76|0x0000000709800000, 0x0000000709a00000, 0x0000000709a00000|100%| O|  |TAMS 0x0000000709800000| PB 0x0000000709800000| Untracked 
|  77|0x0000000709a00000, 0x0000000709c00000, 0x0000000709c00000|100%|HS|  |TAMS 0x0000000709a00000| PB 0x0000000709a00000| Complete 
|  78|0x0000000709c00000, 0x0000000709e00000, 0x0000000709e00000|100%|HC|  |TAMS 0x0000000709c00000| PB 0x0000000709c00000| Complete 
|  79|0x0000000709e00000, 0x000000070a000000, 0x000000070a000000|100%| O|  |TAMS 0x0000000709e00000| PB 0x0000000709e00000| Untracked 
|  80|0x000000070a000000, 0x000000070a200000, 0x000000070a200000|100%| O|  |TAMS 0x000000070a000000| PB 0x000000070a000000| Untracked 
|  81|0x000000070a200000, 0x000000070a400000, 0x000000070a400000|100%| O|  |TAMS 0x000000070a200000| PB 0x000000070a200000| Untracked 
|  82|0x000000070a400000, 0x000000070a600000, 0x000000070a600000|100%| O|  |TAMS 0x000000070a400000| PB 0x000000070a400000| Untracked 
|  83|0x000000070a600000, 0x000000070a800000, 0x000000070a800000|100%|HS|  |TAMS 0x000000070a600000| PB 0x000000070a600000| Complete 
|  84|0x000000070a800000, 0x000000070aa00000, 0x000000070aa00000|100%|HC|  |TAMS 0x000000070a800000| PB 0x000000070a800000| Complete 
|  85|0x000000070aa00000, 0x000000070ac00000, 0x000000070ac00000|100%| O|  |TAMS 0x000000070aa00000| PB 0x000000070aa00000| Untracked 
|  86|0x000000070ac00000, 0x000000070ae00000, 0x000000070ae00000|100%| O|  |TAMS 0x000000070ac00000| PB 0x000000070ac00000| Untracked 
|  87|0x000000070ae00000, 0x000000070b000000, 0x000000070b000000|100%|HS|  |TAMS 0x000000070ae00000| PB 0x000000070ae00000| Complete 
|  88|0x000000070b000000, 0x000000070b200000, 0x000000070b200000|100%|HS|  |TAMS 0x000000070b000000| PB 0x000000070b000000| Complete 
|  89|0x000000070b200000, 0x000000070b400000, 0x000000070b400000|100%| O|  |TAMS 0x000000070b200000| PB 0x000000070b200000| Untracked 
|  90|0x000000070b400000, 0x000000070b600000, 0x000000070b600000|100%| O|  |TAMS 0x000000070b400000| PB 0x000000070b400000| Untracked 
|  91|0x000000070b600000, 0x000000070b800000, 0x000000070b800000|100%| O|  |TAMS 0x000000070b600000| PB 0x000000070b600000| Untracked 
|  92|0x000000070b800000, 0x000000070ba00000, 0x000000070ba00000|100%| O|  |TAMS 0x000000070b800000| PB 0x000000070b800000| Untracked 
|  93|0x000000070ba00000, 0x000000070bc00000, 0x000000070bc00000|100%| O|  |TAMS 0x000000070ba00000| PB 0x000000070ba00000| Untracked 
|  94|0x000000070bc00000, 0x000000070be00000, 0x000000070be00000|100%| O|  |TAMS 0x000000070bc00000| PB 0x000000070bc00000| Untracked 
|  95|0x000000070be00000, 0x000000070c000000, 0x000000070c000000|100%| O|  |TAMS 0x000000070be00000| PB 0x000000070be00000| Untracked 
|  96|0x000000070c000000, 0x000000070c200000, 0x000000070c200000|100%|HS|  |TAMS 0x000000070c000000| PB 0x000000070c000000| Complete 
|  97|0x000000070c200000, 0x000000070c400000, 0x000000070c400000|100%|HC|  |TAMS 0x000000070c200000| PB 0x000000070c200000| Complete 
|  98|0x000000070c400000, 0x000000070c600000, 0x000000070c600000|100%| O|  |TAMS 0x000000070c400000| PB 0x000000070c400000| Untracked 
|  99|0x000000070c600000, 0x000000070c800000, 0x000000070c800000|100%| O|  |TAMS 0x000000070c600000| PB 0x000000070c600000| Untracked 
| 100|0x000000070c800000, 0x000000070ca00000, 0x000000070ca00000|100%| O|  |TAMS 0x000000070c800000| PB 0x000000070c800000| Untracked 
| 101|0x000000070ca00000, 0x000000070cc00000, 0x000000070cc00000|100%| O|  |TAMS 0x000000070ca00000| PB 0x000000070ca00000| Untracked 
| 102|0x000000070cc00000, 0x000000070ce00000, 0x000000070ce00000|100%| O|  |TAMS 0x000000070cc00000| PB 0x000000070cc00000| Untracked 
| 103|0x000000070ce00000, 0x000000070d000000, 0x000000070d000000|100%| O|  |TAMS 0x000000070ce00000| PB 0x000000070ce00000| Untracked 
| 104|0x000000070d000000, 0x000000070d200000, 0x000000070d200000|100%| O|  |TAMS 0x000000070d000000| PB 0x000000070d000000| Untracked 
| 105|0x000000070d200000, 0x000000070d400000, 0x000000070d400000|100%| O|  |TAMS 0x000000070d200000| PB 0x000000070d200000| Untracked 
| 106|0x000000070d400000, 0x000000070d600000, 0x000000070d600000|100%| O|  |TAMS 0x000000070d400000| PB 0x000000070d400000| Untracked 
| 107|0x000000070d600000, 0x000000070d800000, 0x000000070d800000|100%| O|  |TAMS 0x000000070d600000| PB 0x000000070d600000| Untracked 
| 108|0x000000070d800000, 0x000000070da00000, 0x000000070da00000|100%| O|  |TAMS 0x000000070d800000| PB 0x000000070d800000| Untracked 
| 109|0x000000070da00000, 0x000000070dc00000, 0x000000070dc00000|100%|HS|  |TAMS 0x000000070da00000| PB 0x000000070da00000| Complete 
| 110|0x000000070dc00000, 0x000000070de00000, 0x000000070de00000|100%|HC|  |TAMS 0x000000070dc00000| PB 0x000000070dc00000| Complete 
| 111|0x000000070de00000, 0x000000070e000000, 0x000000070e000000|100%|HC|  |TAMS 0x000000070de00000| PB 0x000000070de00000| Complete 
| 112|0x000000070e000000, 0x000000070e200000, 0x000000070e200000|100%|HC|  |TAMS 0x000000070e000000| PB 0x000000070e000000| Complete 
| 113|0x000000070e200000, 0x000000070e400000, 0x000000070e400000|100%| O|  |TAMS 0x000000070e200000| PB 0x000000070e200000| Untracked 
| 114|0x000000070e400000, 0x000000070e600000, 0x000000070e600000|100%| O|  |TAMS 0x000000070e400000| PB 0x000000070e400000| Untracked 
| 115|0x000000070e600000, 0x000000070e800000, 0x000000070e800000|100%| O|  |TAMS 0x000000070e600000| PB 0x000000070e600000| Untracked 
| 116|0x000000070e800000, 0x000000070ea00000, 0x000000070ea00000|100%| O|  |TAMS 0x000000070e800000| PB 0x000000070e800000| Untracked 
| 117|0x000000070ea00000, 0x000000070ec00000, 0x000000070ec00000|100%| O|  |TAMS 0x000000070ea00000| PB 0x000000070ea00000| Untracked 
| 118|0x000000070ec00000, 0x000000070ee00000, 0x000000070ee00000|100%| O|  |TAMS 0x000000070ec00000| PB 0x000000070ec00000| Untracked 
| 119|0x000000070ee00000, 0x000000070f000000, 0x000000070f000000|100%| O|  |TAMS 0x000000070ee00000| PB 0x000000070ee00000| Untracked 
| 120|0x000000070f000000, 0x000000070f200000, 0x000000070f200000|100%| O|  |TAMS 0x000000070f000000| PB 0x000000070f000000| Untracked 
| 121|0x000000070f200000, 0x000000070f400000, 0x000000070f400000|100%| O|  |TAMS 0x000000070f200000| PB 0x000000070f200000| Untracked 
| 122|0x000000070f400000, 0x000000070f600000, 0x000000070f600000|100%| O|  |TAMS 0x000000070f400000| PB 0x000000070f400000| Untracked 
| 123|0x000000070f600000, 0x000000070f800000, 0x000000070f800000|100%| O|  |TAMS 0x000000070f600000| PB 0x000000070f600000| Untracked 
| 124|0x000000070f800000, 0x000000070fa00000, 0x000000070fa00000|100%| O|  |TAMS 0x000000070f800000| PB 0x000000070f800000| Untracked 
| 125|0x000000070fa00000, 0x000000070fa00000, 0x000000070fc00000|  0%| F|  |TAMS 0x000000070fa00000| PB 0x000000070fa00000| Untracked 
| 126|0x000000070fc00000, 0x000000070fc00000, 0x000000070fe00000|  0%| F|  |TAMS 0x000000070fc00000| PB 0x000000070fc00000| Untracked 
| 127|0x000000070fe00000, 0x0000000710000000, 0x0000000710000000|100%|HS|  |TAMS 0x000000070fe00000| PB 0x000000070fe00000| Complete 
| 128|0x0000000710000000, 0x0000000710200000, 0x0000000710200000|100%|HC|  |TAMS 0x0000000710000000| PB 0x0000000710000000| Complete 
| 129|0x0000000710200000, 0x0000000710400000, 0x0000000710400000|100%|HC|  |TAMS 0x0000000710200000| PB 0x0000000710200000| Complete 
| 130|0x0000000710400000, 0x0000000710600000, 0x0000000710600000|100%|HC|  |TAMS 0x0000000710400000| PB 0x0000000710400000| Complete 
| 131|0x0000000710600000, 0x0000000710800000, 0x0000000710800000|100%| O|  |TAMS 0x0000000710600000| PB 0x0000000710600000| Untracked 
| 132|0x0000000710800000, 0x0000000710a00000, 0x0000000710a00000|100%| O|  |TAMS 0x0000000710800000| PB 0x0000000710800000| Untracked 
| 133|0x0000000710a00000, 0x0000000710c00000, 0x0000000710c00000|100%| O|  |TAMS 0x0000000710a00000| PB 0x0000000710a00000| Untracked 
| 134|0x0000000710c00000, 0x0000000710e00000, 0x0000000710e00000|100%| O|  |TAMS 0x0000000710c00000| PB 0x0000000710c00000| Untracked 
| 135|0x0000000710e00000, 0x0000000711000000, 0x0000000711000000|100%| O|  |TAMS 0x0000000710e00000| PB 0x0000000710e00000| Untracked 
| 136|0x0000000711000000, 0x0000000711200000, 0x0000000711200000|100%| O|  |TAMS 0x0000000711000000| PB 0x0000000711000000| Untracked 
| 137|0x0000000711200000, 0x0000000711400000, 0x0000000711400000|100%| O|  |TAMS 0x0000000711200000| PB 0x0000000711200000| Untracked 
| 138|0x0000000711400000, 0x0000000711600000, 0x0000000711600000|100%| O|  |TAMS 0x0000000711400000| PB 0x0000000711400000| Untracked 
| 139|0x0000000711600000, 0x0000000711800000, 0x0000000711800000|100%| O|  |TAMS 0x0000000711600000| PB 0x0000000711600000| Untracked 
| 140|0x0000000711800000, 0x0000000711a00000, 0x0000000711a00000|100%| O|  |TAMS 0x0000000711800000| PB 0x0000000711800000| Untracked 
| 141|0x0000000711a00000, 0x0000000711c00000, 0x0000000711c00000|100%| O|  |TAMS 0x0000000711a00000| PB 0x0000000711a00000| Untracked 
| 142|0x0000000711c00000, 0x0000000711e00000, 0x0000000711e00000|100%| O|  |TAMS 0x0000000711c00000| PB 0x0000000711c00000| Untracked 
| 143|0x0000000711e00000, 0x0000000712000000, 0x0000000712000000|100%| O|  |TAMS 0x0000000711e00000| PB 0x0000000711e00000| Untracked 
| 144|0x0000000712000000, 0x0000000712200000, 0x0000000712200000|100%| O|  |TAMS 0x0000000712000000| PB 0x0000000712000000| Untracked 
| 145|0x0000000712200000, 0x0000000712400000, 0x0000000712400000|100%| O|  |TAMS 0x0000000712200000| PB 0x0000000712200000| Untracked 
| 146|0x0000000712400000, 0x0000000712600000, 0x0000000712600000|100%| O|  |TAMS 0x0000000712400000| PB 0x0000000712400000| Untracked 
| 147|0x0000000712600000, 0x0000000712800000, 0x0000000712800000|100%| O|  |TAMS 0x0000000712600000| PB 0x0000000712600000| Untracked 
| 148|0x0000000712800000, 0x0000000712a00000, 0x0000000712a00000|100%| O|  |TAMS 0x0000000712800000| PB 0x0000000712800000| Untracked 
| 149|0x0000000712a00000, 0x0000000712c00000, 0x0000000712c00000|100%| O|  |TAMS 0x0000000712a00000| PB 0x0000000712a00000| Untracked 
| 150|0x0000000712c00000, 0x0000000712e00000, 0x0000000712e00000|100%| O|  |TAMS 0x0000000712c00000| PB 0x0000000712c00000| Untracked 
| 151|0x0000000712e00000, 0x0000000713000000, 0x0000000713000000|100%| O|  |TAMS 0x0000000712e00000| PB 0x0000000712e00000| Untracked 
| 152|0x0000000713000000, 0x0000000713200000, 0x0000000713200000|100%| O|  |TAMS 0x0000000713000000| PB 0x0000000713000000| Untracked 
| 153|0x0000000713200000, 0x0000000713400000, 0x0000000713400000|100%|HS|  |TAMS 0x0000000713200000| PB 0x0000000713200000| Complete 
| 154|0x0000000713400000, 0x0000000713600000, 0x0000000713600000|100%|HC|  |TAMS 0x0000000713400000| PB 0x0000000713400000| Complete 
| 155|0x0000000713600000, 0x0000000713800000, 0x0000000713800000|100%|HC|  |TAMS 0x0000000713600000| PB 0x0000000713600000| Complete 
| 156|0x0000000713800000, 0x0000000713a00000, 0x0000000713a00000|100%|HC|  |TAMS 0x0000000713800000| PB 0x0000000713800000| Complete 
| 157|0x0000000713a00000, 0x0000000713c00000, 0x0000000713c00000|100%|HC|  |TAMS 0x0000000713a00000| PB 0x0000000713a00000| Complete 
| 158|0x0000000713c00000, 0x0000000713e00000, 0x0000000713e00000|100%|HC|  |TAMS 0x0000000713c00000| PB 0x0000000713c00000| Complete 
| 159|0x0000000713e00000, 0x0000000714000000, 0x0000000714000000|100%|HC|  |TAMS 0x0000000713e00000| PB 0x0000000713e00000| Complete 
| 160|0x0000000714000000, 0x0000000714200000, 0x0000000714200000|100%|HC|  |TAMS 0x0000000714000000| PB 0x0000000714000000| Complete 
| 161|0x0000000714200000, 0x0000000714400000, 0x0000000714400000|100%|HC|  |TAMS 0x0000000714200000| PB 0x0000000714200000| Complete 
| 162|0x0000000714400000, 0x0000000714600000, 0x0000000714600000|100%|HC|  |TAMS 0x0000000714400000| PB 0x0000000714400000| Complete 
| 163|0x0000000714600000, 0x0000000714800000, 0x0000000714800000|100%|HC|  |TAMS 0x0000000714600000| PB 0x0000000714600000| Complete 
| 164|0x0000000714800000, 0x0000000714a00000, 0x0000000714a00000|100%|HC|  |TAMS 0x0000000714800000| PB 0x0000000714800000| Complete 
| 165|0x0000000714a00000, 0x0000000714c00000, 0x0000000714c00000|100%|HC|  |TAMS 0x0000000714a00000| PB 0x0000000714a00000| Complete 
| 166|0x0000000714c00000, 0x0000000714e00000, 0x0000000714e00000|100%|HC|  |TAMS 0x0000000714c00000| PB 0x0000000714c00000| Complete 
| 167|0x0000000714e00000, 0x0000000715000000, 0x0000000715000000|100%|HC|  |TAMS 0x0000000714e00000| PB 0x0000000714e00000| Complete 
| 168|0x0000000715000000, 0x0000000715200000, 0x0000000715200000|100%|HC|  |TAMS 0x0000000715000000| PB 0x0000000715000000| Complete 
| 169|0x0000000715200000, 0x0000000715400000, 0x0000000715400000|100%|HS|  |TAMS 0x0000000715200000| PB 0x0000000715200000| Complete 
| 170|0x0000000715400000, 0x0000000715600000, 0x0000000715600000|100%|HC|  |TAMS 0x0000000715400000| PB 0x0000000715400000| Complete 
| 171|0x0000000715600000, 0x0000000715800000, 0x0000000715800000|100%|HC|  |TAMS 0x0000000715600000| PB 0x0000000715600000| Complete 
| 172|0x0000000715800000, 0x0000000715a00000, 0x0000000715a00000|100%|HC|  |TAMS 0x0000000715800000| PB 0x0000000715800000| Complete 
| 173|0x0000000715a00000, 0x0000000715c00000, 0x0000000715c00000|100%|HC|  |TAMS 0x0000000715a00000| PB 0x0000000715a00000| Complete 
| 174|0x0000000715c00000, 0x0000000715e00000, 0x0000000715e00000|100%| O|  |TAMS 0x0000000715c00000| PB 0x0000000715c00000| Untracked 
| 175|0x0000000715e00000, 0x0000000716000000, 0x0000000716000000|100%| O|  |TAMS 0x0000000715e00000| PB 0x0000000715e00000| Untracked 
| 176|0x0000000716000000, 0x0000000716200000, 0x0000000716200000|100%| O|  |TAMS 0x0000000716000000| PB 0x0000000716000000| Untracked 
| 177|0x0000000716200000, 0x0000000716400000, 0x0000000716400000|100%| O|  |TAMS 0x0000000716200000| PB 0x0000000716200000| Untracked 
| 178|0x0000000716400000, 0x0000000716600000, 0x0000000716600000|100%| O|  |TAMS 0x0000000716400000| PB 0x0000000716400000| Untracked 
| 179|0x0000000716600000, 0x0000000716800000, 0x0000000716800000|100%| O|  |TAMS 0x0000000716600000| PB 0x0000000716600000| Untracked 
| 180|0x0000000716800000, 0x0000000716a00000, 0x0000000716a00000|100%| O|  |TAMS 0x0000000716800000| PB 0x0000000716800000| Untracked 
| 181|0x0000000716a00000, 0x0000000716c00000, 0x0000000716c00000|100%| O|  |TAMS 0x0000000716a00000| PB 0x0000000716a00000| Untracked 
| 182|0x0000000716c00000, 0x0000000716e00000, 0x0000000716e00000|100%| O|  |TAMS 0x0000000716c00000| PB 0x0000000716c00000| Untracked 
| 183|0x0000000716e00000, 0x0000000717000000, 0x0000000717000000|100%| O|  |TAMS 0x0000000716e00000| PB 0x0000000716e00000| Untracked 
| 184|0x0000000717000000, 0x0000000717200000, 0x0000000717200000|100%| O|  |TAMS 0x0000000717000000| PB 0x0000000717000000| Untracked 
| 185|0x0000000717200000, 0x0000000717400000, 0x0000000717400000|100%| O|  |TAMS 0x0000000717200000| PB 0x0000000717200000| Untracked 
| 186|0x0000000717400000, 0x0000000717600000, 0x0000000717600000|100%| O|  |TAMS 0x0000000717400000| PB 0x0000000717400000| Untracked 
| 187|0x0000000717600000, 0x0000000717800000, 0x0000000717800000|100%| O|  |TAMS 0x0000000717600000| PB 0x0000000717600000| Untracked 
| 188|0x0000000717800000, 0x0000000717a00000, 0x0000000717a00000|100%| O|  |TAMS 0x0000000717800000| PB 0x0000000717800000| Untracked 
| 189|0x0000000717a00000, 0x0000000717c00000, 0x0000000717c00000|100%| O|  |TAMS 0x0000000717a00000| PB 0x0000000717a00000| Untracked 
| 190|0x0000000717c00000, 0x0000000717e00000, 0x0000000717e00000|100%| O|  |TAMS 0x0000000717c00000| PB 0x0000000717c00000| Untracked 
| 191|0x0000000717e00000, 0x0000000718000000, 0x0000000718000000|100%| O|  |TAMS 0x0000000717e00000| PB 0x0000000717e00000| Untracked 
| 192|0x0000000718000000, 0x0000000718200000, 0x0000000718200000|100%| O|  |TAMS 0x0000000718000000| PB 0x0000000718000000| Untracked 
| 193|0x0000000718200000, 0x0000000718400000, 0x0000000718400000|100%| O|  |TAMS 0x0000000718200000| PB 0x0000000718200000| Untracked 
| 194|0x0000000718400000, 0x0000000718600000, 0x0000000718600000|100%| O|  |TAMS 0x0000000718400000| PB 0x0000000718400000| Untracked 
| 195|0x0000000718600000, 0x0000000718800000, 0x0000000718800000|100%| O|  |TAMS 0x0000000718600000| PB 0x0000000718600000| Untracked 
| 196|0x0000000718800000, 0x0000000718a00000, 0x0000000718a00000|100%| O|  |TAMS 0x0000000718800000| PB 0x0000000718800000| Untracked 
| 197|0x0000000718a00000, 0x0000000718c00000, 0x0000000718c00000|100%| O|  |TAMS 0x0000000718a00000| PB 0x0000000718a00000| Untracked 
| 198|0x0000000718c00000, 0x0000000718e00000, 0x0000000718e00000|100%| O|  |TAMS 0x0000000718c00000| PB 0x0000000718c00000| Untracked 
| 199|0x0000000718e00000, 0x0000000719000000, 0x0000000719000000|100%| O|  |TAMS 0x0000000718e00000| PB 0x0000000718e00000| Untracked 
| 200|0x0000000719000000, 0x0000000719200000, 0x0000000719200000|100%| O|  |TAMS 0x0000000719000000| PB 0x0000000719000000| Untracked 
| 201|0x0000000719200000, 0x0000000719400000, 0x0000000719400000|100%| O|  |TAMS 0x0000000719200000| PB 0x0000000719200000| Untracked 
| 202|0x0000000719400000, 0x0000000719600000, 0x0000000719600000|100%| O|  |TAMS 0x0000000719400000| PB 0x0000000719400000| Untracked 
| 203|0x0000000719600000, 0x0000000719800000, 0x0000000719800000|100%| O|  |TAMS 0x0000000719600000| PB 0x0000000719600000| Untracked 
| 204|0x0000000719800000, 0x0000000719800000, 0x0000000719a00000|  0%| F|  |TAMS 0x0000000719800000| PB 0x0000000719800000| Untracked 
| 205|0x0000000719a00000, 0x0000000719c00000, 0x0000000719c00000|100%| O|  |TAMS 0x0000000719a00000| PB 0x0000000719a00000| Untracked 
| 206|0x0000000719c00000, 0x0000000719e00000, 0x0000000719e00000|100%| O|  |TAMS 0x0000000719c00000| PB 0x0000000719c00000| Untracked 
| 207|0x0000000719e00000, 0x000000071a000000, 0x000000071a000000|100%| O|  |TAMS 0x0000000719e00000| PB 0x0000000719e00000| Untracked 
| 208|0x000000071a000000, 0x000000071a200000, 0x000000071a200000|100%| O|  |TAMS 0x000000071a000000| PB 0x000000071a000000| Untracked 
| 209|0x000000071a200000, 0x000000071a400000, 0x000000071a400000|100%| O|  |TAMS 0x000000071a200000| PB 0x000000071a200000| Untracked 
| 210|0x000000071a400000, 0x000000071a600000, 0x000000071a600000|100%| O|  |TAMS 0x000000071a400000| PB 0x000000071a400000| Untracked 
| 211|0x000000071a600000, 0x000000071a800000, 0x000000071a800000|100%| O|  |TAMS 0x000000071a600000| PB 0x000000071a600000| Untracked 
| 212|0x000000071a800000, 0x000000071aa00000, 0x000000071aa00000|100%| O|  |TAMS 0x000000071a800000| PB 0x000000071a800000| Untracked 
| 213|0x000000071aa00000, 0x000000071ac00000, 0x000000071ac00000|100%| O|  |TAMS 0x000000071aa00000| PB 0x000000071aa00000| Untracked 
| 214|0x000000071ac00000, 0x000000071ae00000, 0x000000071ae00000|100%| O|  |TAMS 0x000000071ac00000| PB 0x000000071ac00000| Untracked 
| 215|0x000000071ae00000, 0x000000071b000000, 0x000000071b000000|100%| O|  |TAMS 0x000000071ae00000| PB 0x000000071ae00000| Untracked 
| 216|0x000000071b000000, 0x000000071b200000, 0x000000071b200000|100%| O|  |TAMS 0x000000071b000000| PB 0x000000071b000000| Untracked 
| 217|0x000000071b200000, 0x000000071b400000, 0x000000071b400000|100%| O|  |TAMS 0x000000071b200000| PB 0x000000071b200000| Untracked 
| 218|0x000000071b400000, 0x000000071b600000, 0x000000071b600000|100%| O|  |TAMS 0x000000071b400000| PB 0x000000071b400000| Untracked 
| 219|0x000000071b600000, 0x000000071b800000, 0x000000071b800000|100%| O|  |TAMS 0x000000071b600000| PB 0x000000071b600000| Untracked 
| 220|0x000000071b800000, 0x000000071ba00000, 0x000000071ba00000|100%| O|  |TAMS 0x000000071b800000| PB 0x000000071b800000| Untracked 
| 221|0x000000071ba00000, 0x000000071bc00000, 0x000000071bc00000|100%| O|  |TAMS 0x000000071ba00000| PB 0x000000071ba00000| Untracked 
| 222|0x000000071bc00000, 0x000000071be00000, 0x000000071be00000|100%| O|  |TAMS 0x000000071bc00000| PB 0x000000071bc00000| Untracked 
| 223|0x000000071be00000, 0x000000071c000000, 0x000000071c000000|100%| O|  |TAMS 0x000000071be00000| PB 0x000000071be00000| Untracked 
| 224|0x000000071c000000, 0x000000071c200000, 0x000000071c200000|100%| O|  |TAMS 0x000000071c000000| PB 0x000000071c000000| Untracked 
| 225|0x000000071c200000, 0x000000071c400000, 0x000000071c400000|100%| O|  |TAMS 0x000000071c200000| PB 0x000000071c200000| Untracked 
| 226|0x000000071c400000, 0x000000071c600000, 0x000000071c600000|100%| O|  |TAMS 0x000000071c400000| PB 0x000000071c400000| Untracked 
| 227|0x000000071c600000, 0x000000071c800000, 0x000000071c800000|100%| O|  |TAMS 0x000000071c600000| PB 0x000000071c600000| Untracked 
| 228|0x000000071c800000, 0x000000071ca00000, 0x000000071ca00000|100%| O|  |TAMS 0x000000071c800000| PB 0x000000071c800000| Untracked 
| 229|0x000000071ca00000, 0x000000071cc00000, 0x000000071cc00000|100%| O|  |TAMS 0x000000071ca00000| PB 0x000000071ca00000| Untracked 
| 230|0x000000071cc00000, 0x000000071ce00000, 0x000000071ce00000|100%| O|  |TAMS 0x000000071cc00000| PB 0x000000071cc00000| Untracked 
| 231|0x000000071ce00000, 0x000000071d000000, 0x000000071d000000|100%| O|  |TAMS 0x000000071ce00000| PB 0x000000071ce00000| Untracked 
| 232|0x000000071d000000, 0x000000071d200000, 0x000000071d200000|100%| O|  |TAMS 0x000000071d000000| PB 0x000000071d000000| Untracked 
| 233|0x000000071d200000, 0x000000071d400000, 0x000000071d400000|100%| O|  |TAMS 0x000000071d200000| PB 0x000000071d200000| Untracked 
| 234|0x000000071d400000, 0x000000071d600000, 0x000000071d600000|100%| O|  |TAMS 0x000000071d400000| PB 0x000000071d400000| Untracked 
| 235|0x000000071d600000, 0x000000071d800000, 0x000000071d800000|100%| O|  |TAMS 0x000000071d600000| PB 0x000000071d600000| Untracked 
| 236|0x000000071d800000, 0x000000071da00000, 0x000000071da00000|100%| O|  |TAMS 0x000000071d800000| PB 0x000000071d800000| Untracked 
| 237|0x000000071da00000, 0x000000071dc00000, 0x000000071dc00000|100%|HS|  |TAMS 0x000000071da00000| PB 0x000000071da00000| Complete 
| 238|0x000000071dc00000, 0x000000071de00000, 0x000000071de00000|100%|HC|  |TAMS 0x000000071dc00000| PB 0x000000071dc00000| Complete 
| 239|0x000000071de00000, 0x000000071e000000, 0x000000071e000000|100%|HC|  |TAMS 0x000000071de00000| PB 0x000000071de00000| Complete 
| 240|0x000000071e000000, 0x000000071e200000, 0x000000071e200000|100%|HC|  |TAMS 0x000000071e000000| PB 0x000000071e000000| Complete 
| 241|0x000000071e200000, 0x000000071e400000, 0x000000071e400000|100%| O|  |TAMS 0x000000071e200000| PB 0x000000071e200000| Untracked 
| 242|0x000000071e400000, 0x000000071e600000, 0x000000071e600000|100%| O|  |TAMS 0x000000071e400000| PB 0x000000071e400000| Untracked 
| 243|0x000000071e600000, 0x000000071e800000, 0x000000071e800000|100%| O|  |TAMS 0x000000071e600000| PB 0x000000071e600000| Untracked 
| 244|0x000000071e800000, 0x000000071ea00000, 0x000000071ea00000|100%| O|  |TAMS 0x000000071e800000| PB 0x000000071e800000| Untracked 
| 245|0x000000071ea00000, 0x000000071ec00000, 0x000000071ec00000|100%| O|  |TAMS 0x000000071ea00000| PB 0x000000071ea00000| Untracked 
| 246|0x000000071ec00000, 0x000000071ee00000, 0x000000071ee00000|100%| O|  |TAMS 0x000000071ec00000| PB 0x000000071ec00000| Untracked 
| 247|0x000000071ee00000, 0x000000071f000000, 0x000000071f000000|100%| O|  |TAMS 0x000000071ee00000| PB 0x000000071ee00000| Untracked 
| 248|0x000000071f000000, 0x000000071f200000, 0x000000071f200000|100%| O|  |TAMS 0x000000071f000000| PB 0x000000071f000000| Untracked 
| 249|0x000000071f200000, 0x000000071f400000, 0x000000071f400000|100%| O|  |TAMS 0x000000071f200000| PB 0x000000071f200000| Untracked 
| 250|0x000000071f400000, 0x000000071f600000, 0x000000071f600000|100%| O|  |TAMS 0x000000071f400000| PB 0x000000071f400000| Untracked 
| 251|0x000000071f600000, 0x000000071f800000, 0x000000071f800000|100%| O|  |TAMS 0x000000071f600000| PB 0x000000071f600000| Untracked 
| 252|0x000000071f800000, 0x000000071fa00000, 0x000000071fa00000|100%| O|  |TAMS 0x000000071f800000| PB 0x000000071f800000| Untracked 
| 253|0x000000071fa00000, 0x000000071fc00000, 0x000000071fc00000|100%| O|  |TAMS 0x000000071fa00000| PB 0x000000071fa00000| Untracked 
| 254|0x000000071fc00000, 0x000000071fe00000, 0x000000071fe00000|100%| O|  |TAMS 0x000000071fc00000| PB 0x000000071fc00000| Untracked 
| 255|0x000000071fe00000, 0x0000000720000000, 0x0000000720000000|100%|HS|  |TAMS 0x000000071fe00000| PB 0x000000071fe00000| Complete 
| 256|0x0000000720000000, 0x0000000720200000, 0x0000000720200000|100%| O|  |TAMS 0x0000000720000000| PB 0x0000000720000000| Untracked 
| 257|0x0000000720200000, 0x0000000720400000, 0x0000000720400000|100%| O|  |TAMS 0x0000000720200000| PB 0x0000000720200000| Untracked 
| 258|0x0000000720400000, 0x0000000720600000, 0x0000000720600000|100%| O|  |TAMS 0x0000000720400000| PB 0x0000000720400000| Untracked 
| 259|0x0000000720600000, 0x0000000720800000, 0x0000000720800000|100%| O|  |TAMS 0x0000000720600000| PB 0x0000000720600000| Untracked 
| 260|0x0000000720800000, 0x0000000720a00000, 0x0000000720a00000|100%| O|  |TAMS 0x0000000720800000| PB 0x0000000720800000| Untracked 
| 261|0x0000000720a00000, 0x0000000720c00000, 0x0000000720c00000|100%| O|  |TAMS 0x0000000720a00000| PB 0x0000000720a00000| Untracked 
| 262|0x0000000720c00000, 0x0000000720e00000, 0x0000000720e00000|100%| O|  |TAMS 0x0000000720c00000| PB 0x0000000720c00000| Untracked 
| 263|0x0000000720e00000, 0x0000000721000000, 0x0000000721000000|100%| O|  |TAMS 0x0000000720e00000| PB 0x0000000720e00000| Untracked 
| 264|0x0000000721000000, 0x0000000721200000, 0x0000000721200000|100%| O|  |TAMS 0x0000000721000000| PB 0x0000000721000000| Untracked 
| 265|0x0000000721200000, 0x0000000721400000, 0x0000000721400000|100%| O|  |TAMS 0x0000000721200000| PB 0x0000000721200000| Untracked 
| 266|0x0000000721400000, 0x0000000721600000, 0x0000000721600000|100%| O|  |TAMS 0x0000000721400000| PB 0x0000000721400000| Untracked 
| 267|0x0000000721600000, 0x000000072179f5b0, 0x0000000721800000| 81%| O|  |TAMS 0x0000000721600000| PB 0x0000000721600000| Untracked 
| 268|0x0000000721800000, 0x0000000721800000, 0x0000000721a00000|  0%| F|  |TAMS 0x0000000721800000| PB 0x0000000721800000| Untracked 
| 269|0x0000000721a00000, 0x0000000721a00000, 0x0000000721c00000|  0%| F|  |TAMS 0x0000000721a00000| PB 0x0000000721a00000| Untracked 
| 270|0x0000000721c00000, 0x0000000721c00000, 0x0000000721e00000|  0%| F|  |TAMS 0x0000000721c00000| PB 0x0000000721c00000| Untracked 
| 271|0x0000000721e00000, 0x0000000722000000, 0x0000000722000000|100%| O|  |TAMS 0x0000000721e00000| PB 0x0000000721e00000| Untracked 
| 272|0x0000000722000000, 0x0000000722200000, 0x0000000722200000|100%| O|  |TAMS 0x0000000722000000| PB 0x0000000722000000| Untracked 
| 273|0x0000000722200000, 0x0000000722400000, 0x0000000722400000|100%| O|  |TAMS 0x0000000722200000| PB 0x0000000722200000| Untracked 
| 274|0x0000000722400000, 0x0000000722600000, 0x0000000722600000|100%| O|  |TAMS 0x0000000722400000| PB 0x0000000722400000| Untracked 
| 275|0x0000000722600000, 0x0000000722800000, 0x0000000722800000|100%| O|  |TAMS 0x0000000722600000| PB 0x0000000722600000| Untracked 
| 276|0x0000000722800000, 0x0000000722a00000, 0x0000000722a00000|100%| O|  |TAMS 0x0000000722800000| PB 0x0000000722800000| Untracked 
| 277|0x0000000722a00000, 0x0000000722a00000, 0x0000000722c00000|  0%| F|  |TAMS 0x0000000722a00000| PB 0x0000000722a00000| Untracked 
| 278|0x0000000722c00000, 0x0000000722e00000, 0x0000000722e00000|100%| O|  |TAMS 0x0000000722c00000| PB 0x0000000722c00000| Untracked 
| 279|0x0000000722e00000, 0x0000000723000000, 0x0000000723000000|100%| O|  |TAMS 0x0000000722e00000| PB 0x0000000722e00000| Untracked 
| 280|0x0000000723000000, 0x0000000723200000, 0x0000000723200000|100%| O|  |TAMS 0x0000000723000000| PB 0x0000000723000000| Untracked 
| 281|0x0000000723200000, 0x0000000723400000, 0x0000000723400000|100%| O|  |TAMS 0x0000000723200000| PB 0x0000000723200000| Untracked 
| 282|0x0000000723400000, 0x0000000723600000, 0x0000000723600000|100%| O|  |TAMS 0x0000000723400000| PB 0x0000000723400000| Untracked 
| 283|0x0000000723600000, 0x0000000723800000, 0x0000000723800000|100%| O|  |TAMS 0x0000000723600000| PB 0x0000000723600000| Untracked 
| 284|0x0000000723800000, 0x0000000723a00000, 0x0000000723a00000|100%| O|  |TAMS 0x0000000723800000| PB 0x0000000723800000| Untracked 
| 285|0x0000000723a00000, 0x0000000723c00000, 0x0000000723c00000|100%| O|  |TAMS 0x0000000723a00000| PB 0x0000000723a00000| Untracked 
| 286|0x0000000723c00000, 0x0000000723e00000, 0x0000000723e00000|100%| O|  |TAMS 0x0000000723c00000| PB 0x0000000723c00000| Untracked 
| 287|0x0000000723e00000, 0x0000000724000000, 0x0000000724000000|100%| O|  |TAMS 0x0000000723e00000| PB 0x0000000723e00000| Untracked 
| 288|0x0000000724000000, 0x0000000724200000, 0x0000000724200000|100%| O|  |TAMS 0x0000000724000000| PB 0x0000000724000000| Untracked 
| 289|0x0000000724200000, 0x0000000724400000, 0x0000000724400000|100%| O|  |TAMS 0x0000000724200000| PB 0x0000000724200000| Untracked 
| 290|0x0000000724400000, 0x0000000724600000, 0x0000000724600000|100%| O|  |TAMS 0x0000000724400000| PB 0x0000000724400000| Untracked 
| 291|0x0000000724600000, 0x0000000724800000, 0x0000000724800000|100%| O|  |TAMS 0x0000000724600000| PB 0x0000000724600000| Untracked 
| 292|0x0000000724800000, 0x0000000724800000, 0x0000000724a00000|  0%| F|  |TAMS 0x0000000724800000| PB 0x0000000724800000| Untracked 
| 293|0x0000000724a00000, 0x0000000724a00000, 0x0000000724c00000|  0%| F|  |TAMS 0x0000000724a00000| PB 0x0000000724a00000| Untracked 
| 294|0x0000000724c00000, 0x0000000724e00000, 0x0000000724e00000|100%| O|  |TAMS 0x0000000724c00000| PB 0x0000000724c00000| Untracked 
| 295|0x0000000724e00000, 0x0000000725000000, 0x0000000725000000|100%| O|  |TAMS 0x0000000724e00000| PB 0x0000000724e00000| Untracked 
| 296|0x0000000725000000, 0x0000000725200000, 0x0000000725200000|100%| O|  |TAMS 0x0000000725000000| PB 0x0000000725000000| Untracked 
| 297|0x0000000725200000, 0x0000000725400000, 0x0000000725400000|100%| O|  |TAMS 0x0000000725200000| PB 0x0000000725200000| Untracked 
| 298|0x0000000725400000, 0x0000000725600000, 0x0000000725600000|100%| O|  |TAMS 0x0000000725400000| PB 0x0000000725400000| Untracked 
| 299|0x0000000725600000, 0x0000000725800000, 0x0000000725800000|100%| O|  |TAMS 0x0000000725600000| PB 0x0000000725600000| Untracked 
| 300|0x0000000725800000, 0x0000000725800000, 0x0000000725a00000|  0%| F|  |TAMS 0x0000000725800000| PB 0x0000000725800000| Untracked 
| 301|0x0000000725a00000, 0x0000000725a00000, 0x0000000725c00000|  0%| F|  |TAMS 0x0000000725a00000| PB 0x0000000725a00000| Untracked 
| 302|0x0000000725c00000, 0x0000000725e00000, 0x0000000725e00000|100%| O|  |TAMS 0x0000000725c00000| PB 0x0000000725c00000| Untracked 
| 303|0x0000000725e00000, 0x0000000726000000, 0x0000000726000000|100%| O|  |TAMS 0x0000000725e00000| PB 0x0000000725e00000| Untracked 
| 304|0x0000000726000000, 0x0000000726200000, 0x0000000726200000|100%| O|  |TAMS 0x0000000726000000| PB 0x0000000726000000| Untracked 
| 305|0x0000000726200000, 0x0000000726400000, 0x0000000726400000|100%| O|  |TAMS 0x0000000726200000| PB 0x0000000726200000| Untracked 
| 306|0x0000000726400000, 0x0000000726600000, 0x0000000726600000|100%| O|  |TAMS 0x0000000726400000| PB 0x0000000726400000| Untracked 
| 307|0x0000000726600000, 0x0000000726800000, 0x0000000726800000|100%| O|  |TAMS 0x0000000726600000| PB 0x0000000726600000| Untracked 
| 308|0x0000000726800000, 0x0000000726a00000, 0x0000000726a00000|100%| O|  |TAMS 0x0000000726800000| PB 0x0000000726800000| Untracked 
| 309|0x0000000726a00000, 0x0000000726c00000, 0x0000000726c00000|100%| O|  |TAMS 0x0000000726a00000| PB 0x0000000726a00000| Untracked 
| 310|0x0000000726c00000, 0x0000000726e00000, 0x0000000726e00000|100%| O|  |TAMS 0x0000000726c00000| PB 0x0000000726c00000| Untracked 
| 311|0x0000000726e00000, 0x0000000727000000, 0x0000000727000000|100%| O|  |TAMS 0x0000000726e00000| PB 0x0000000726e00000| Untracked 
| 312|0x0000000727000000, 0x0000000727200000, 0x0000000727200000|100%| O|  |TAMS 0x0000000727000000| PB 0x0000000727000000| Untracked 
| 313|0x0000000727200000, 0x0000000727400000, 0x0000000727400000|100%| O|  |TAMS 0x0000000727200000| PB 0x0000000727200000| Untracked 
| 314|0x0000000727400000, 0x0000000727600000, 0x0000000727600000|100%| O|  |TAMS 0x0000000727400000| PB 0x0000000727400000| Untracked 
| 315|0x0000000727600000, 0x0000000727800000, 0x0000000727800000|100%| O|  |TAMS 0x0000000727600000| PB 0x0000000727600000| Untracked 
| 316|0x0000000727800000, 0x0000000727a00000, 0x0000000727a00000|100%| O|  |TAMS 0x0000000727800000| PB 0x0000000727800000| Untracked 
| 317|0x0000000727a00000, 0x0000000727c00000, 0x0000000727c00000|100%| O|  |TAMS 0x0000000727a00000| PB 0x0000000727a00000| Untracked 
| 318|0x0000000727c00000, 0x0000000727e00000, 0x0000000727e00000|100%| O|  |TAMS 0x0000000727c00000| PB 0x0000000727c00000| Untracked 
| 319|0x0000000727e00000, 0x0000000728000000, 0x0000000728000000|100%| O|  |TAMS 0x0000000727e00000| PB 0x0000000727e00000| Untracked 
| 320|0x0000000728000000, 0x0000000728200000, 0x0000000728200000|100%| O|  |TAMS 0x0000000728000000| PB 0x0000000728000000| Untracked 
| 321|0x0000000728200000, 0x0000000728400000, 0x0000000728400000|100%| O|  |TAMS 0x0000000728200000| PB 0x0000000728200000| Untracked 
| 322|0x0000000728400000, 0x0000000728600000, 0x0000000728600000|100%| O|  |TAMS 0x0000000728400000| PB 0x0000000728400000| Untracked 
| 323|0x0000000728600000, 0x0000000728800000, 0x0000000728800000|100%| O|  |TAMS 0x0000000728600000| PB 0x0000000728600000| Untracked 
| 324|0x0000000728800000, 0x0000000728a00000, 0x0000000728a00000|100%| O|  |TAMS 0x0000000728800000| PB 0x0000000728800000| Untracked 
| 325|0x0000000728a00000, 0x0000000728c00000, 0x0000000728c00000|100%| O|  |TAMS 0x0000000728a00000| PB 0x0000000728a00000| Untracked 
| 326|0x0000000728c00000, 0x0000000728e00000, 0x0000000728e00000|100%| O|  |TAMS 0x0000000728c00000| PB 0x0000000728c00000| Untracked 
| 327|0x0000000728e00000, 0x0000000729000000, 0x0000000729000000|100%| O|  |TAMS 0x0000000728e00000| PB 0x0000000728e00000| Untracked 
| 328|0x0000000729000000, 0x0000000729200000, 0x0000000729200000|100%| O|  |TAMS 0x0000000729000000| PB 0x0000000729000000| Untracked 
| 329|0x0000000729200000, 0x0000000729400000, 0x0000000729400000|100%| O|  |TAMS 0x0000000729200000| PB 0x0000000729200000| Untracked 
| 330|0x0000000729400000, 0x0000000729600000, 0x0000000729600000|100%| O|  |TAMS 0x0000000729400000| PB 0x0000000729400000| Untracked 
| 331|0x0000000729600000, 0x0000000729800000, 0x0000000729800000|100%| O|  |TAMS 0x0000000729600000| PB 0x0000000729600000| Untracked 
| 332|0x0000000729800000, 0x0000000729a00000, 0x0000000729a00000|100%| O|  |TAMS 0x0000000729800000| PB 0x0000000729800000| Untracked 
| 333|0x0000000729a00000, 0x0000000729a00000, 0x0000000729c00000|  0%| F|  |TAMS 0x0000000729a00000| PB 0x0000000729a00000| Untracked 
| 334|0x0000000729c00000, 0x0000000729c00000, 0x0000000729e00000|  0%| F|  |TAMS 0x0000000729c00000| PB 0x0000000729c00000| Untracked 
| 335|0x0000000729e00000, 0x0000000729e00000, 0x000000072a000000|  0%| F|  |TAMS 0x0000000729e00000| PB 0x0000000729e00000| Untracked 
| 336|0x000000072a000000, 0x000000072a200000, 0x000000072a200000|100%| O|  |TAMS 0x000000072a000000| PB 0x000000072a000000| Untracked 
| 337|0x000000072a200000, 0x000000072a400000, 0x000000072a400000|100%| O|  |TAMS 0x000000072a200000| PB 0x000000072a200000| Untracked 
| 338|0x000000072a400000, 0x000000072a600000, 0x000000072a600000|100%| O|  |TAMS 0x000000072a400000| PB 0x000000072a400000| Untracked 
| 339|0x000000072a600000, 0x000000072a800000, 0x000000072a800000|100%| O|  |TAMS 0x000000072a600000| PB 0x000000072a600000| Untracked 
| 340|0x000000072a800000, 0x000000072aa00000, 0x000000072aa00000|100%| O|  |TAMS 0x000000072a800000| PB 0x000000072a800000| Untracked 
| 341|0x000000072aa00000, 0x000000072ac00000, 0x000000072ac00000|100%| O|  |TAMS 0x000000072aa00000| PB 0x000000072aa00000| Untracked 
| 342|0x000000072ac00000, 0x000000072ae00000, 0x000000072ae00000|100%| O|  |TAMS 0x000000072ac00000| PB 0x000000072ac00000| Untracked 
| 343|0x000000072ae00000, 0x000000072b000000, 0x000000072b000000|100%| O|  |TAMS 0x000000072ae00000| PB 0x000000072ae00000| Untracked 
| 344|0x000000072b000000, 0x000000072b200000, 0x000000072b200000|100%| O|  |TAMS 0x000000072b000000| PB 0x000000072b000000| Untracked 
| 345|0x000000072b200000, 0x000000072b400000, 0x000000072b400000|100%| O|  |TAMS 0x000000072b200000| PB 0x000000072b200000| Untracked 
| 346|0x000000072b400000, 0x000000072b600000, 0x000000072b600000|100%| O|  |TAMS 0x000000072b400000| PB 0x000000072b400000| Untracked 
| 347|0x000000072b600000, 0x000000072b800000, 0x000000072b800000|100%| O|  |TAMS 0x000000072b600000| PB 0x000000072b600000| Untracked 
| 348|0x000000072b800000, 0x000000072ba00000, 0x000000072ba00000|100%| O|  |TAMS 0x000000072b800000| PB 0x000000072b800000| Untracked 
| 349|0x000000072ba00000, 0x000000072bc00000, 0x000000072bc00000|100%| O|  |TAMS 0x000000072ba00000| PB 0x000000072ba00000| Untracked 
| 350|0x000000072bc00000, 0x000000072be00000, 0x000000072be00000|100%| O|  |TAMS 0x000000072bc00000| PB 0x000000072bc00000| Untracked 
| 351|0x000000072be00000, 0x000000072c000000, 0x000000072c000000|100%| O|  |TAMS 0x000000072be00000| PB 0x000000072be00000| Untracked 
| 352|0x000000072c000000, 0x000000072c200000, 0x000000072c200000|100%| O|  |TAMS 0x000000072c000000| PB 0x000000072c000000| Untracked 
| 353|0x000000072c200000, 0x000000072c400000, 0x000000072c400000|100%| O|  |TAMS 0x000000072c200000| PB 0x000000072c200000| Untracked 
| 354|0x000000072c400000, 0x000000072c600000, 0x000000072c600000|100%| O|  |TAMS 0x000000072c400000| PB 0x000000072c400000| Untracked 
| 355|0x000000072c600000, 0x000000072c800000, 0x000000072c800000|100%| O|  |TAMS 0x000000072c600000| PB 0x000000072c600000| Untracked 
| 356|0x000000072c800000, 0x000000072ca00000, 0x000000072ca00000|100%| O|  |TAMS 0x000000072c800000| PB 0x000000072c800000| Untracked 
| 357|0x000000072ca00000, 0x000000072cc00000, 0x000000072cc00000|100%| O|  |TAMS 0x000000072ca00000| PB 0x000000072ca00000| Untracked 
| 358|0x000000072cc00000, 0x000000072ce00000, 0x000000072ce00000|100%| O|  |TAMS 0x000000072cc00000| PB 0x000000072cc00000| Untracked 
| 359|0x000000072ce00000, 0x000000072d000000, 0x000000072d000000|100%| O|  |TAMS 0x000000072ce00000| PB 0x000000072ce00000| Untracked 
| 360|0x000000072d000000, 0x000000072d200000, 0x000000072d200000|100%| O|  |TAMS 0x000000072d000000| PB 0x000000072d000000| Untracked 
| 361|0x000000072d200000, 0x000000072d400000, 0x000000072d400000|100%| O|  |TAMS 0x000000072d200000| PB 0x000000072d200000| Untracked 
| 362|0x000000072d400000, 0x000000072d600000, 0x000000072d600000|100%| O|  |TAMS 0x000000072d400000| PB 0x000000072d400000| Untracked 
| 363|0x000000072d600000, 0x000000072d800000, 0x000000072d800000|100%| O|  |TAMS 0x000000072d600000| PB 0x000000072d600000| Untracked 
| 364|0x000000072d800000, 0x000000072da00000, 0x000000072da00000|100%| O|  |TAMS 0x000000072d800000| PB 0x000000072d800000| Untracked 
| 365|0x000000072da00000, 0x000000072dc00000, 0x000000072dc00000|100%| O|  |TAMS 0x000000072da00000| PB 0x000000072da00000| Untracked 
| 366|0x000000072dc00000, 0x000000072de00000, 0x000000072de00000|100%| O|  |TAMS 0x000000072dc00000| PB 0x000000072dc00000| Untracked 
| 367|0x000000072de00000, 0x000000072e000000, 0x000000072e000000|100%| O|  |TAMS 0x000000072de00000| PB 0x000000072de00000| Untracked 
| 368|0x000000072e000000, 0x000000072e200000, 0x000000072e200000|100%| O|  |TAMS 0x000000072e000000| PB 0x000000072e000000| Untracked 
| 369|0x000000072e200000, 0x000000072e400000, 0x000000072e400000|100%| O|  |TAMS 0x000000072e200000| PB 0x000000072e200000| Untracked 
| 370|0x000000072e400000, 0x000000072e600000, 0x000000072e600000|100%| O|  |TAMS 0x000000072e400000| PB 0x000000072e400000| Untracked 
| 371|0x000000072e600000, 0x000000072e800000, 0x000000072e800000|100%| O|  |TAMS 0x000000072e600000| PB 0x000000072e600000| Untracked 
| 372|0x000000072e800000, 0x000000072ea00000, 0x000000072ea00000|100%| O|  |TAMS 0x000000072e800000| PB 0x000000072e800000| Untracked 
| 373|0x000000072ea00000, 0x000000072ec00000, 0x000000072ec00000|100%| O|  |TAMS 0x000000072ea00000| PB 0x000000072ea00000| Untracked 
| 374|0x000000072ec00000, 0x000000072ee00000, 0x000000072ee00000|100%| O|  |TAMS 0x000000072ec00000| PB 0x000000072ec00000| Untracked 
| 375|0x000000072ee00000, 0x000000072f000000, 0x000000072f000000|100%| O|  |TAMS 0x000000072ee00000| PB 0x000000072ee00000| Untracked 
| 376|0x000000072f000000, 0x000000072f200000, 0x000000072f200000|100%| O|  |TAMS 0x000000072f000000| PB 0x000000072f000000| Untracked 
| 377|0x000000072f200000, 0x000000072f400000, 0x000000072f400000|100%| O|  |TAMS 0x000000072f200000| PB 0x000000072f200000| Untracked 
| 378|0x000000072f400000, 0x000000072f400000, 0x000000072f600000|  0%| F|  |TAMS 0x000000072f400000| PB 0x000000072f400000| Untracked 
| 379|0x000000072f600000, 0x000000072f800000, 0x000000072f800000|100%| O|  |TAMS 0x000000072f600000| PB 0x000000072f600000| Untracked 
| 380|0x000000072f800000, 0x000000072fa00000, 0x000000072fa00000|100%| O|  |TAMS 0x000000072f800000| PB 0x000000072f800000| Untracked 
| 381|0x000000072fa00000, 0x000000072fa00000, 0x000000072fc00000|  0%| F|  |TAMS 0x000000072fa00000| PB 0x000000072fa00000| Untracked 
| 382|0x000000072fc00000, 0x000000072fc00000, 0x000000072fe00000|  0%| F|  |TAMS 0x000000072fc00000| PB 0x000000072fc00000| Untracked 
| 383|0x000000072fe00000, 0x000000072fe00000, 0x0000000730000000|  0%| F|  |TAMS 0x000000072fe00000| PB 0x000000072fe00000| Untracked 
| 384|0x0000000730000000, 0x0000000730000000, 0x0000000730200000|  0%| F|  |TAMS 0x0000000730000000| PB 0x0000000730000000| Untracked 
| 385|0x0000000730200000, 0x0000000730200000, 0x0000000730400000|  0%| F|  |TAMS 0x0000000730200000| PB 0x0000000730200000| Untracked 
| 386|0x0000000730400000, 0x0000000730400000, 0x0000000730600000|  0%| F|  |TAMS 0x0000000730400000| PB 0x0000000730400000| Untracked 
| 387|0x0000000730600000, 0x0000000730600000, 0x0000000730800000|  0%| F|  |TAMS 0x0000000730600000| PB 0x0000000730600000| Untracked 
| 388|0x0000000730800000, 0x0000000730800000, 0x0000000730a00000|  0%| F|  |TAMS 0x0000000730800000| PB 0x0000000730800000| Untracked 
| 389|0x0000000730a00000, 0x0000000730a00000, 0x0000000730c00000|  0%| F|  |TAMS 0x0000000730a00000| PB 0x0000000730a00000| Untracked 
| 390|0x0000000730c00000, 0x0000000730c00000, 0x0000000730e00000|  0%| F|  |TAMS 0x0000000730c00000| PB 0x0000000730c00000| Untracked 
| 391|0x0000000730e00000, 0x0000000730e00000, 0x0000000731000000|  0%| F|  |TAMS 0x0000000730e00000| PB 0x0000000730e00000| Untracked 
| 392|0x0000000731000000, 0x0000000731000000, 0x0000000731200000|  0%| F|  |TAMS 0x0000000731000000| PB 0x0000000731000000| Untracked 
| 393|0x0000000731200000, 0x0000000731200000, 0x0000000731400000|  0%| F|  |TAMS 0x0000000731200000| PB 0x0000000731200000| Untracked 
| 394|0x0000000731400000, 0x0000000731400000, 0x0000000731600000|  0%| F|  |TAMS 0x0000000731400000| PB 0x0000000731400000| Untracked 
| 395|0x0000000731600000, 0x0000000731600000, 0x0000000731800000|  0%| F|  |TAMS 0x0000000731600000| PB 0x0000000731600000| Untracked 
| 396|0x0000000731800000, 0x0000000731800000, 0x0000000731a00000|  0%| F|  |TAMS 0x0000000731800000| PB 0x0000000731800000| Untracked 
| 397|0x0000000731a00000, 0x0000000731a00000, 0x0000000731c00000|  0%| F|  |TAMS 0x0000000731a00000| PB 0x0000000731a00000| Untracked 
| 398|0x0000000731c00000, 0x0000000731c00000, 0x0000000731e00000|  0%| F|  |TAMS 0x0000000731c00000| PB 0x0000000731c00000| Untracked 
| 399|0x0000000731e00000, 0x0000000731e00000, 0x0000000732000000|  0%| F|  |TAMS 0x0000000731e00000| PB 0x0000000731e00000| Untracked 
| 400|0x0000000732000000, 0x0000000732000000, 0x0000000732200000|  0%| F|  |TAMS 0x0000000732000000| PB 0x0000000732000000| Untracked 
| 401|0x0000000732200000, 0x0000000732200000, 0x0000000732400000|  0%| F|  |TAMS 0x0000000732200000| PB 0x0000000732200000| Untracked 
| 402|0x0000000732400000, 0x0000000732400000, 0x0000000732600000|  0%| F|  |TAMS 0x0000000732400000| PB 0x0000000732400000| Untracked 
| 403|0x0000000732600000, 0x0000000732600000, 0x0000000732800000|  0%| F|  |TAMS 0x0000000732600000| PB 0x0000000732600000| Untracked 
| 404|0x0000000732800000, 0x0000000732800000, 0x0000000732a00000|  0%| F|  |TAMS 0x0000000732800000| PB 0x0000000732800000| Untracked 
| 405|0x0000000732a00000, 0x0000000732a00000, 0x0000000732c00000|  0%| F|  |TAMS 0x0000000732a00000| PB 0x0000000732a00000| Untracked 
| 406|0x0000000732c00000, 0x0000000732c00000, 0x0000000732e00000|  0%| F|  |TAMS 0x0000000732c00000| PB 0x0000000732c00000| Untracked 
| 407|0x0000000732e00000, 0x0000000732e00000, 0x0000000733000000|  0%| F|  |TAMS 0x0000000732e00000| PB 0x0000000732e00000| Untracked 
| 408|0x0000000733000000, 0x0000000733000000, 0x0000000733200000|  0%| F|  |TAMS 0x0000000733000000| PB 0x0000000733000000| Untracked 
| 409|0x0000000733200000, 0x0000000733200000, 0x0000000733400000|  0%| F|  |TAMS 0x0000000733200000| PB 0x0000000733200000| Untracked 
| 410|0x0000000733400000, 0x0000000733400000, 0x0000000733600000|  0%| F|  |TAMS 0x0000000733400000| PB 0x0000000733400000| Untracked 
| 411|0x0000000733600000, 0x0000000733600000, 0x0000000733800000|  0%| F|  |TAMS 0x0000000733600000| PB 0x0000000733600000| Untracked 
| 412|0x0000000733800000, 0x0000000733800000, 0x0000000733a00000|  0%| F|  |TAMS 0x0000000733800000| PB 0x0000000733800000| Untracked 
| 413|0x0000000733a00000, 0x0000000733a00000, 0x0000000733c00000|  0%| F|  |TAMS 0x0000000733a00000| PB 0x0000000733a00000| Untracked 
| 414|0x0000000733c00000, 0x0000000733c00000, 0x0000000733e00000|  0%| F|  |TAMS 0x0000000733c00000| PB 0x0000000733c00000| Untracked 
| 415|0x0000000733e00000, 0x0000000733e00000, 0x0000000734000000|  0%| F|  |TAMS 0x0000000733e00000| PB 0x0000000733e00000| Untracked 
| 416|0x0000000734000000, 0x0000000734000000, 0x0000000734200000|  0%| F|  |TAMS 0x0000000734000000| PB 0x0000000734000000| Untracked 
| 417|0x0000000734200000, 0x0000000734200000, 0x0000000734400000|  0%| F|  |TAMS 0x0000000734200000| PB 0x0000000734200000| Untracked 
| 418|0x0000000734400000, 0x0000000734400000, 0x0000000734600000|  0%| F|  |TAMS 0x0000000734400000| PB 0x0000000734400000| Untracked 
| 419|0x0000000734600000, 0x0000000734600000, 0x0000000734800000|  0%| F|  |TAMS 0x0000000734600000| PB 0x0000000734600000| Untracked 
| 420|0x0000000734800000, 0x0000000734800000, 0x0000000734a00000|  0%| F|  |TAMS 0x0000000734800000| PB 0x0000000734800000| Untracked 
| 421|0x0000000734a00000, 0x0000000734a00000, 0x0000000734c00000|  0%| F|  |TAMS 0x0000000734a00000| PB 0x0000000734a00000| Untracked 
| 422|0x0000000734c00000, 0x0000000734c00000, 0x0000000734e00000|  0%| F|  |TAMS 0x0000000734c00000| PB 0x0000000734c00000| Untracked 
| 423|0x0000000734e00000, 0x0000000734e00000, 0x0000000735000000|  0%| F|  |TAMS 0x0000000734e00000| PB 0x0000000734e00000| Untracked 
| 424|0x0000000735000000, 0x0000000735000000, 0x0000000735200000|  0%| F|  |TAMS 0x0000000735000000| PB 0x0000000735000000| Untracked 
| 425|0x0000000735200000, 0x0000000735200000, 0x0000000735400000|  0%| F|  |TAMS 0x0000000735200000| PB 0x0000000735200000| Untracked 
| 426|0x0000000735400000, 0x0000000735400000, 0x0000000735600000|  0%| F|  |TAMS 0x0000000735400000| PB 0x0000000735400000| Untracked 
| 427|0x0000000735600000, 0x0000000735600000, 0x0000000735800000|  0%| F|  |TAMS 0x0000000735600000| PB 0x0000000735600000| Untracked 
| 428|0x0000000735800000, 0x0000000735800000, 0x0000000735a00000|  0%| F|  |TAMS 0x0000000735800000| PB 0x0000000735800000| Untracked 
| 429|0x0000000735a00000, 0x0000000735a00000, 0x0000000735c00000|  0%| F|  |TAMS 0x0000000735a00000| PB 0x0000000735a00000| Untracked 
| 430|0x0000000735c00000, 0x0000000735c00000, 0x0000000735e00000|  0%| F|  |TAMS 0x0000000735c00000| PB 0x0000000735c00000| Untracked 
| 431|0x0000000735e00000, 0x0000000735e00000, 0x0000000736000000|  0%| F|  |TAMS 0x0000000735e00000| PB 0x0000000735e00000| Untracked 
| 432|0x0000000736000000, 0x0000000736000000, 0x0000000736200000|  0%| F|  |TAMS 0x0000000736000000| PB 0x0000000736000000| Untracked 
| 433|0x0000000736200000, 0x0000000736200000, 0x0000000736400000|  0%| F|  |TAMS 0x0000000736200000| PB 0x0000000736200000| Untracked 
| 434|0x0000000736400000, 0x0000000736400000, 0x0000000736600000|  0%| F|  |TAMS 0x0000000736400000| PB 0x0000000736400000| Untracked 
| 435|0x0000000736600000, 0x0000000736600000, 0x0000000736800000|  0%| F|  |TAMS 0x0000000736600000| PB 0x0000000736600000| Untracked 
| 436|0x0000000736800000, 0x0000000736800000, 0x0000000736a00000|  0%| F|  |TAMS 0x0000000736800000| PB 0x0000000736800000| Untracked 
| 437|0x0000000736a00000, 0x0000000736a00000, 0x0000000736c00000|  0%| F|  |TAMS 0x0000000736a00000| PB 0x0000000736a00000| Untracked 
| 438|0x0000000736c00000, 0x0000000736c00000, 0x0000000736e00000|  0%| F|  |TAMS 0x0000000736c00000| PB 0x0000000736c00000| Untracked 
| 439|0x0000000736e00000, 0x0000000736e00000, 0x0000000737000000|  0%| F|  |TAMS 0x0000000736e00000| PB 0x0000000736e00000| Untracked 
| 440|0x0000000737000000, 0x0000000737000000, 0x0000000737200000|  0%| F|  |TAMS 0x0000000737000000| PB 0x0000000737000000| Untracked 
| 441|0x0000000737200000, 0x0000000737200000, 0x0000000737400000|  0%| F|  |TAMS 0x0000000737200000| PB 0x0000000737200000| Untracked 
| 442|0x0000000737400000, 0x0000000737400000, 0x0000000737600000|  0%| F|  |TAMS 0x0000000737400000| PB 0x0000000737400000| Untracked 
| 443|0x0000000737600000, 0x0000000737600000, 0x0000000737800000|  0%| F|  |TAMS 0x0000000737600000| PB 0x0000000737600000| Untracked 
| 444|0x0000000737800000, 0x0000000737800000, 0x0000000737a00000|  0%| F|  |TAMS 0x0000000737800000| PB 0x0000000737800000| Untracked 
| 445|0x0000000737a00000, 0x0000000737a00000, 0x0000000737c00000|  0%| F|  |TAMS 0x0000000737a00000| PB 0x0000000737a00000| Untracked 
| 446|0x0000000737c00000, 0x0000000737c00000, 0x0000000737e00000|  0%| F|  |TAMS 0x0000000737c00000| PB 0x0000000737c00000| Untracked 
| 447|0x0000000737e00000, 0x0000000737e00000, 0x0000000738000000|  0%| F|  |TAMS 0x0000000737e00000| PB 0x0000000737e00000| Untracked 
| 448|0x0000000738000000, 0x0000000738000000, 0x0000000738200000|  0%| F|  |TAMS 0x0000000738000000| PB 0x0000000738000000| Untracked 
| 449|0x0000000738200000, 0x0000000738200000, 0x0000000738400000|  0%| F|  |TAMS 0x0000000738200000| PB 0x0000000738200000| Untracked 
| 450|0x0000000738400000, 0x0000000738400000, 0x0000000738600000|  0%| F|  |TAMS 0x0000000738400000| PB 0x0000000738400000| Untracked 
| 451|0x0000000738600000, 0x0000000738600000, 0x0000000738800000|  0%| F|  |TAMS 0x0000000738600000| PB 0x0000000738600000| Untracked 
| 452|0x0000000738800000, 0x0000000738800000, 0x0000000738a00000|  0%| F|  |TAMS 0x0000000738800000| PB 0x0000000738800000| Untracked 
| 453|0x0000000738a00000, 0x0000000738a00000, 0x0000000738c00000|  0%| F|  |TAMS 0x0000000738a00000| PB 0x0000000738a00000| Untracked 
| 454|0x0000000738c00000, 0x0000000738c00000, 0x0000000738e00000|  0%| F|  |TAMS 0x0000000738c00000| PB 0x0000000738c00000| Untracked 
| 455|0x0000000738e00000, 0x0000000738e00000, 0x0000000739000000|  0%| F|  |TAMS 0x0000000738e00000| PB 0x0000000738e00000| Untracked 
| 456|0x0000000739000000, 0x0000000739000000, 0x0000000739200000|  0%| F|  |TAMS 0x0000000739000000| PB 0x0000000739000000| Untracked 
| 457|0x0000000739200000, 0x0000000739200000, 0x0000000739400000|  0%| F|  |TAMS 0x0000000739200000| PB 0x0000000739200000| Untracked 
| 458|0x0000000739400000, 0x0000000739400000, 0x0000000739600000|  0%| F|  |TAMS 0x0000000739400000| PB 0x0000000739400000| Untracked 
| 459|0x0000000739600000, 0x0000000739600000, 0x0000000739800000|  0%| F|  |TAMS 0x0000000739600000| PB 0x0000000739600000| Untracked 
| 460|0x0000000739800000, 0x0000000739800000, 0x0000000739a00000|  0%| F|  |TAMS 0x0000000739800000| PB 0x0000000739800000| Untracked 
| 461|0x0000000739a00000, 0x0000000739a00000, 0x0000000739c00000|  0%| F|  |TAMS 0x0000000739a00000| PB 0x0000000739a00000| Untracked 
| 462|0x0000000739c00000, 0x0000000739c00000, 0x0000000739e00000|  0%| F|  |TAMS 0x0000000739c00000| PB 0x0000000739c00000| Untracked 
| 463|0x0000000739e00000, 0x0000000739e00000, 0x000000073a000000|  0%| F|  |TAMS 0x0000000739e00000| PB 0x0000000739e00000| Untracked 
| 464|0x000000073a000000, 0x000000073a000000, 0x000000073a200000|  0%| F|  |TAMS 0x000000073a000000| PB 0x000000073a000000| Untracked 
| 465|0x000000073a200000, 0x000000073a200000, 0x000000073a400000|  0%| F|  |TAMS 0x000000073a200000| PB 0x000000073a200000| Untracked 
| 466|0x000000073a400000, 0x000000073a400000, 0x000000073a600000|  0%| F|  |TAMS 0x000000073a400000| PB 0x000000073a400000| Untracked 
| 467|0x000000073a600000, 0x000000073a600000, 0x000000073a800000|  0%| F|  |TAMS 0x000000073a600000| PB 0x000000073a600000| Untracked 
| 468|0x000000073a800000, 0x000000073a800000, 0x000000073aa00000|  0%| F|  |TAMS 0x000000073a800000| PB 0x000000073a800000| Untracked 
| 469|0x000000073aa00000, 0x000000073aa00000, 0x000000073ac00000|  0%| F|  |TAMS 0x000000073aa00000| PB 0x000000073aa00000| Untracked 
| 470|0x000000073ac00000, 0x000000073ac00000, 0x000000073ae00000|  0%| F|  |TAMS 0x000000073ac00000| PB 0x000000073ac00000| Untracked 
| 471|0x000000073ae00000, 0x000000073ae00000, 0x000000073b000000|  0%| F|  |TAMS 0x000000073ae00000| PB 0x000000073ae00000| Untracked 
| 472|0x000000073b000000, 0x000000073b000000, 0x000000073b200000|  0%| F|  |TAMS 0x000000073b000000| PB 0x000000073b000000| Untracked 
| 473|0x000000073b200000, 0x000000073b200000, 0x000000073b400000|  0%| F|  |TAMS 0x000000073b200000| PB 0x000000073b200000| Untracked 
| 474|0x000000073b400000, 0x000000073b400000, 0x000000073b600000|  0%| F|  |TAMS 0x000000073b400000| PB 0x000000073b400000| Untracked 
| 475|0x000000073b600000, 0x000000073b600000, 0x000000073b800000|  0%| F|  |TAMS 0x000000073b600000| PB 0x000000073b600000| Untracked 
| 476|0x000000073b800000, 0x000000073b800000, 0x000000073ba00000|  0%| F|  |TAMS 0x000000073b800000| PB 0x000000073b800000| Untracked 
| 477|0x000000073ba00000, 0x000000073ba00000, 0x000000073bc00000|  0%| F|  |TAMS 0x000000073ba00000| PB 0x000000073ba00000| Untracked 
| 478|0x000000073bc00000, 0x000000073bc00000, 0x000000073be00000|  0%| F|  |TAMS 0x000000073bc00000| PB 0x000000073bc00000| Untracked 
| 479|0x000000073be00000, 0x000000073be00000, 0x000000073c000000|  0%| F|  |TAMS 0x000000073be00000| PB 0x000000073be00000| Untracked 
| 480|0x000000073c000000, 0x000000073c000000, 0x000000073c200000|  0%| F|  |TAMS 0x000000073c000000| PB 0x000000073c000000| Untracked 
| 481|0x000000073c200000, 0x000000073c200000, 0x000000073c400000|  0%| F|  |TAMS 0x000000073c200000| PB 0x000000073c200000| Untracked 
| 482|0x000000073c400000, 0x000000073c400000, 0x000000073c600000|  0%| F|  |TAMS 0x000000073c400000| PB 0x000000073c400000| Untracked 
| 483|0x000000073c600000, 0x000000073c600000, 0x000000073c800000|  0%| F|  |TAMS 0x000000073c600000| PB 0x000000073c600000| Untracked 
| 484|0x000000073c800000, 0x000000073c800000, 0x000000073ca00000|  0%| F|  |TAMS 0x000000073c800000| PB 0x000000073c800000| Untracked 
| 485|0x000000073ca00000, 0x000000073ca00000, 0x000000073cc00000|  0%| F|  |TAMS 0x000000073ca00000| PB 0x000000073ca00000| Untracked 
| 486|0x000000073cc00000, 0x000000073cc00000, 0x000000073ce00000|  0%| F|  |TAMS 0x000000073cc00000| PB 0x000000073cc00000| Untracked 
| 487|0x000000073ce00000, 0x000000073ce00000, 0x000000073d000000|  0%| F|  |TAMS 0x000000073ce00000| PB 0x000000073ce00000| Untracked 
| 488|0x000000073d000000, 0x000000073d000000, 0x000000073d200000|  0%| F|  |TAMS 0x000000073d000000| PB 0x000000073d000000| Untracked 
| 489|0x000000073d200000, 0x000000073d200000, 0x000000073d400000|  0%| F|  |TAMS 0x000000073d200000| PB 0x000000073d200000| Untracked 
| 490|0x000000073d400000, 0x000000073d400000, 0x000000073d600000|  0%| F|  |TAMS 0x000000073d400000| PB 0x000000073d400000| Untracked 
| 491|0x000000073d600000, 0x000000073d600000, 0x000000073d800000|  0%| F|  |TAMS 0x000000073d600000| PB 0x000000073d600000| Untracked 
| 492|0x000000073d800000, 0x000000073d800000, 0x000000073da00000|  0%| F|  |TAMS 0x000000073d800000| PB 0x000000073d800000| Untracked 
| 493|0x000000073da00000, 0x000000073da00000, 0x000000073dc00000|  0%| F|  |TAMS 0x000000073da00000| PB 0x000000073da00000| Untracked 
| 494|0x000000073dc00000, 0x000000073dc00000, 0x000000073de00000|  0%| F|  |TAMS 0x000000073dc00000| PB 0x000000073dc00000| Untracked 
| 495|0x000000073de00000, 0x000000073de00000, 0x000000073e000000|  0%| F|  |TAMS 0x000000073de00000| PB 0x000000073de00000| Untracked 
| 496|0x000000073e000000, 0x000000073e000000, 0x000000073e200000|  0%| F|  |TAMS 0x000000073e000000| PB 0x000000073e000000| Untracked 
| 497|0x000000073e200000, 0x000000073e200000, 0x000000073e400000|  0%| F|  |TAMS 0x000000073e200000| PB 0x000000073e200000| Untracked 
| 498|0x000000073e400000, 0x000000073e400000, 0x000000073e600000|  0%| F|  |TAMS 0x000000073e400000| PB 0x000000073e400000| Untracked 
| 499|0x000000073e600000, 0x000000073e600000, 0x000000073e800000|  0%| F|  |TAMS 0x000000073e600000| PB 0x000000073e600000| Untracked 
| 500|0x000000073e800000, 0x000000073e800000, 0x000000073ea00000|  0%| F|  |TAMS 0x000000073e800000| PB 0x000000073e800000| Untracked 
| 501|0x000000073ea00000, 0x000000073ea00000, 0x000000073ec00000|  0%| F|  |TAMS 0x000000073ea00000| PB 0x000000073ea00000| Untracked 
| 502|0x000000073ec00000, 0x000000073ec00000, 0x000000073ee00000|  0%| F|  |TAMS 0x000000073ec00000| PB 0x000000073ec00000| Untracked 
| 503|0x000000073ee00000, 0x000000073ee00000, 0x000000073f000000|  0%| F|  |TAMS 0x000000073ee00000| PB 0x000000073ee00000| Untracked 
| 504|0x000000073f000000, 0x000000073f000000, 0x000000073f200000|  0%| F|  |TAMS 0x000000073f000000| PB 0x000000073f000000| Untracked 
| 505|0x000000073f200000, 0x000000073f200000, 0x000000073f400000|  0%| F|  |TAMS 0x000000073f200000| PB 0x000000073f200000| Untracked 
| 506|0x000000073f400000, 0x000000073f400000, 0x000000073f600000|  0%| F|  |TAMS 0x000000073f400000| PB 0x000000073f400000| Untracked 
| 507|0x000000073f600000, 0x000000073f600000, 0x000000073f800000|  0%| F|  |TAMS 0x000000073f600000| PB 0x000000073f600000| Untracked 
| 508|0x000000073f800000, 0x000000073f800000, 0x000000073fa00000|  0%| F|  |TAMS 0x000000073f800000| PB 0x000000073f800000| Untracked 
| 509|0x000000073fa00000, 0x000000073fa00000, 0x000000073fc00000|  0%| F|  |TAMS 0x000000073fa00000| PB 0x000000073fa00000| Untracked 
| 510|0x000000073fc00000, 0x000000073fc00000, 0x000000073fe00000|  0%| F|  |TAMS 0x000000073fc00000| PB 0x000000073fc00000| Untracked 
| 511|0x000000073fe00000, 0x000000073fe00000, 0x0000000740000000|  0%| F|  |TAMS 0x000000073fe00000| PB 0x000000073fe00000| Untracked 
| 512|0x0000000740000000, 0x0000000740000000, 0x0000000740200000|  0%| F|  |TAMS 0x0000000740000000| PB 0x0000000740000000| Untracked 
| 513|0x0000000740200000, 0x0000000740200000, 0x0000000740400000|  0%| F|  |TAMS 0x0000000740200000| PB 0x0000000740200000| Untracked 
| 514|0x0000000740400000, 0x0000000740400000, 0x0000000740600000|  0%| F|  |TAMS 0x0000000740400000| PB 0x0000000740400000| Untracked 
| 515|0x0000000740600000, 0x0000000740600000, 0x0000000740800000|  0%| F|  |TAMS 0x0000000740600000| PB 0x0000000740600000| Untracked 
| 516|0x0000000740800000, 0x0000000740800000, 0x0000000740a00000|  0%| F|  |TAMS 0x0000000740800000| PB 0x0000000740800000| Untracked 
| 517|0x0000000740a00000, 0x0000000740a00000, 0x0000000740c00000|  0%| F|  |TAMS 0x0000000740a00000| PB 0x0000000740a00000| Untracked 
| 518|0x0000000740c00000, 0x0000000740c00000, 0x0000000740e00000|  0%| F|  |TAMS 0x0000000740c00000| PB 0x0000000740c00000| Untracked 
| 519|0x0000000740e00000, 0x0000000740e00000, 0x0000000741000000|  0%| F|  |TAMS 0x0000000740e00000| PB 0x0000000740e00000| Untracked 
| 520|0x0000000741000000, 0x0000000741000000, 0x0000000741200000|  0%| F|  |TAMS 0x0000000741000000| PB 0x0000000741000000| Untracked 
| 521|0x0000000741200000, 0x0000000741200000, 0x0000000741400000|  0%| F|  |TAMS 0x0000000741200000| PB 0x0000000741200000| Untracked 
| 522|0x0000000741400000, 0x0000000741400000, 0x0000000741600000|  0%| F|  |TAMS 0x0000000741400000| PB 0x0000000741400000| Untracked 
| 523|0x0000000741600000, 0x0000000741600000, 0x0000000741800000|  0%| F|  |TAMS 0x0000000741600000| PB 0x0000000741600000| Untracked 
| 524|0x0000000741800000, 0x0000000741800000, 0x0000000741a00000|  0%| F|  |TAMS 0x0000000741800000| PB 0x0000000741800000| Untracked 
| 525|0x0000000741a00000, 0x0000000741a00000, 0x0000000741c00000|  0%| F|  |TAMS 0x0000000741a00000| PB 0x0000000741a00000| Untracked 
| 526|0x0000000741c00000, 0x0000000741c00000, 0x0000000741e00000|  0%| F|  |TAMS 0x0000000741c00000| PB 0x0000000741c00000| Untracked 
| 527|0x0000000741e00000, 0x0000000741e00000, 0x0000000742000000|  0%| F|  |TAMS 0x0000000741e00000| PB 0x0000000741e00000| Untracked 
| 528|0x0000000742000000, 0x0000000742000000, 0x0000000742200000|  0%| F|  |TAMS 0x0000000742000000| PB 0x0000000742000000| Untracked 
| 529|0x0000000742200000, 0x0000000742200000, 0x0000000742400000|  0%| F|  |TAMS 0x0000000742200000| PB 0x0000000742200000| Untracked 
| 530|0x0000000742400000, 0x0000000742400000, 0x0000000742600000|  0%| F|  |TAMS 0x0000000742400000| PB 0x0000000742400000| Untracked 
| 531|0x0000000742600000, 0x0000000742600000, 0x0000000742800000|  0%| F|  |TAMS 0x0000000742600000| PB 0x0000000742600000| Untracked 
| 532|0x0000000742800000, 0x0000000742800000, 0x0000000742a00000|  0%| F|  |TAMS 0x0000000742800000| PB 0x0000000742800000| Untracked 
| 533|0x0000000742a00000, 0x0000000742a00000, 0x0000000742c00000|  0%| F|  |TAMS 0x0000000742a00000| PB 0x0000000742a00000| Untracked 
| 534|0x0000000742c00000, 0x0000000742c00000, 0x0000000742e00000|  0%| F|  |TAMS 0x0000000742c00000| PB 0x0000000742c00000| Untracked 
| 535|0x0000000742e00000, 0x0000000742e00000, 0x0000000743000000|  0%| F|  |TAMS 0x0000000742e00000| PB 0x0000000742e00000| Untracked 
| 536|0x0000000743000000, 0x0000000743000000, 0x0000000743200000|  0%| F|  |TAMS 0x0000000743000000| PB 0x0000000743000000| Untracked 
| 537|0x0000000743200000, 0x0000000743200000, 0x0000000743400000|  0%| F|  |TAMS 0x0000000743200000| PB 0x0000000743200000| Untracked 
| 538|0x0000000743400000, 0x0000000743400000, 0x0000000743600000|  0%| F|  |TAMS 0x0000000743400000| PB 0x0000000743400000| Untracked 
| 539|0x0000000743600000, 0x0000000743600000, 0x0000000743800000|  0%| F|  |TAMS 0x0000000743600000| PB 0x0000000743600000| Untracked 
| 540|0x0000000743800000, 0x0000000743800000, 0x0000000743a00000|  0%| F|  |TAMS 0x0000000743800000| PB 0x0000000743800000| Untracked 
| 541|0x0000000743a00000, 0x0000000743a00000, 0x0000000743c00000|  0%| F|  |TAMS 0x0000000743a00000| PB 0x0000000743a00000| Untracked 
| 542|0x0000000743c00000, 0x0000000743c00000, 0x0000000743e00000|  0%| F|  |TAMS 0x0000000743c00000| PB 0x0000000743c00000| Untracked 
| 543|0x0000000743e00000, 0x0000000743e00000, 0x0000000744000000|  0%| F|  |TAMS 0x0000000743e00000| PB 0x0000000743e00000| Untracked 
| 544|0x0000000744000000, 0x0000000744000000, 0x0000000744200000|  0%| F|  |TAMS 0x0000000744000000| PB 0x0000000744000000| Untracked 
| 545|0x0000000744200000, 0x0000000744200000, 0x0000000744400000|  0%| F|  |TAMS 0x0000000744200000| PB 0x0000000744200000| Untracked 
| 546|0x0000000744400000, 0x0000000744400000, 0x0000000744600000|  0%| F|  |TAMS 0x0000000744400000| PB 0x0000000744400000| Untracked 
| 547|0x0000000744600000, 0x0000000744600000, 0x0000000744800000|  0%| F|  |TAMS 0x0000000744600000| PB 0x0000000744600000| Untracked 
| 548|0x0000000744800000, 0x0000000744800000, 0x0000000744a00000|  0%| F|  |TAMS 0x0000000744800000| PB 0x0000000744800000| Untracked 
| 549|0x0000000744a00000, 0x0000000744a00000, 0x0000000744c00000|  0%| F|  |TAMS 0x0000000744a00000| PB 0x0000000744a00000| Untracked 
| 550|0x0000000744c00000, 0x0000000744c00000, 0x0000000744e00000|  0%| F|  |TAMS 0x0000000744c00000| PB 0x0000000744c00000| Untracked 
| 551|0x0000000744e00000, 0x0000000744e00000, 0x0000000745000000|  0%| F|  |TAMS 0x0000000744e00000| PB 0x0000000744e00000| Untracked 
| 552|0x0000000745000000, 0x0000000745000000, 0x0000000745200000|  0%| F|  |TAMS 0x0000000745000000| PB 0x0000000745000000| Untracked 
| 553|0x0000000745200000, 0x0000000745200000, 0x0000000745400000|  0%| F|  |TAMS 0x0000000745200000| PB 0x0000000745200000| Untracked 
| 554|0x0000000745400000, 0x0000000745400000, 0x0000000745600000|  0%| F|  |TAMS 0x0000000745400000| PB 0x0000000745400000| Untracked 
| 555|0x0000000745600000, 0x0000000745600000, 0x0000000745800000|  0%| F|  |TAMS 0x0000000745600000| PB 0x0000000745600000| Untracked 
| 556|0x0000000745800000, 0x0000000745800000, 0x0000000745a00000|  0%| F|  |TAMS 0x0000000745800000| PB 0x0000000745800000| Untracked 
| 557|0x0000000745a00000, 0x0000000745a00000, 0x0000000745c00000|  0%| F|  |TAMS 0x0000000745a00000| PB 0x0000000745a00000| Untracked 
| 558|0x0000000745c00000, 0x0000000745c00000, 0x0000000745e00000|  0%| F|  |TAMS 0x0000000745c00000| PB 0x0000000745c00000| Untracked 
| 559|0x0000000745e00000, 0x0000000745e00000, 0x0000000746000000|  0%| F|  |TAMS 0x0000000745e00000| PB 0x0000000745e00000| Untracked 
| 560|0x0000000746000000, 0x0000000746000000, 0x0000000746200000|  0%| F|  |TAMS 0x0000000746000000| PB 0x0000000746000000| Untracked 
| 561|0x0000000746200000, 0x0000000746200000, 0x0000000746400000|  0%| F|  |TAMS 0x0000000746200000| PB 0x0000000746200000| Untracked 
| 562|0x0000000746400000, 0x0000000746400000, 0x0000000746600000|  0%| F|  |TAMS 0x0000000746400000| PB 0x0000000746400000| Untracked 
| 563|0x0000000746600000, 0x0000000746600000, 0x0000000746800000|  0%| F|  |TAMS 0x0000000746600000| PB 0x0000000746600000| Untracked 
| 564|0x0000000746800000, 0x0000000746800000, 0x0000000746a00000|  0%| F|  |TAMS 0x0000000746800000| PB 0x0000000746800000| Untracked 
| 565|0x0000000746a00000, 0x0000000746a00000, 0x0000000746c00000|  0%| F|  |TAMS 0x0000000746a00000| PB 0x0000000746a00000| Untracked 
| 566|0x0000000746c00000, 0x0000000746c00000, 0x0000000746e00000|  0%| F|  |TAMS 0x0000000746c00000| PB 0x0000000746c00000| Untracked 
| 567|0x0000000746e00000, 0x0000000746e00000, 0x0000000747000000|  0%| F|  |TAMS 0x0000000746e00000| PB 0x0000000746e00000| Untracked 
| 568|0x0000000747000000, 0x0000000747000000, 0x0000000747200000|  0%| F|  |TAMS 0x0000000747000000| PB 0x0000000747000000| Untracked 
| 569|0x0000000747200000, 0x0000000747200000, 0x0000000747400000|  0%| F|  |TAMS 0x0000000747200000| PB 0x0000000747200000| Untracked 
| 570|0x0000000747400000, 0x0000000747400000, 0x0000000747600000|  0%| F|  |TAMS 0x0000000747400000| PB 0x0000000747400000| Untracked 
| 571|0x0000000747600000, 0x0000000747600000, 0x0000000747800000|  0%| F|  |TAMS 0x0000000747600000| PB 0x0000000747600000| Untracked 
| 572|0x0000000747800000, 0x0000000747800000, 0x0000000747a00000|  0%| F|  |TAMS 0x0000000747800000| PB 0x0000000747800000| Untracked 
| 573|0x0000000747a00000, 0x0000000747a00000, 0x0000000747c00000|  0%| F|  |TAMS 0x0000000747a00000| PB 0x0000000747a00000| Untracked 
| 574|0x0000000747c00000, 0x0000000747c00000, 0x0000000747e00000|  0%| F|  |TAMS 0x0000000747c00000| PB 0x0000000747c00000| Untracked 
| 575|0x0000000747e00000, 0x0000000747e00000, 0x0000000748000000|  0%| F|  |TAMS 0x0000000747e00000| PB 0x0000000747e00000| Untracked 
| 576|0x0000000748000000, 0x0000000748000000, 0x0000000748200000|  0%| F|  |TAMS 0x0000000748000000| PB 0x0000000748000000| Untracked 
| 577|0x0000000748200000, 0x0000000748200000, 0x0000000748400000|  0%| F|  |TAMS 0x0000000748200000| PB 0x0000000748200000| Untracked 
| 578|0x0000000748400000, 0x0000000748400000, 0x0000000748600000|  0%| F|  |TAMS 0x0000000748400000| PB 0x0000000748400000| Untracked 
| 579|0x0000000748600000, 0x0000000748600000, 0x0000000748800000|  0%| F|  |TAMS 0x0000000748600000| PB 0x0000000748600000| Untracked 
| 580|0x0000000748800000, 0x0000000748800000, 0x0000000748a00000|  0%| F|  |TAMS 0x0000000748800000| PB 0x0000000748800000| Untracked 
| 581|0x0000000748a00000, 0x0000000748a00000, 0x0000000748c00000|  0%| F|  |TAMS 0x0000000748a00000| PB 0x0000000748a00000| Untracked 
| 582|0x0000000748c00000, 0x0000000748c00000, 0x0000000748e00000|  0%| F|  |TAMS 0x0000000748c00000| PB 0x0000000748c00000| Untracked 
| 583|0x0000000748e00000, 0x0000000748e00000, 0x0000000749000000|  0%| F|  |TAMS 0x0000000748e00000| PB 0x0000000748e00000| Untracked 
| 584|0x0000000749000000, 0x0000000749000000, 0x0000000749200000|  0%| F|  |TAMS 0x0000000749000000| PB 0x0000000749000000| Untracked 
| 585|0x0000000749200000, 0x0000000749200000, 0x0000000749400000|  0%| F|  |TAMS 0x0000000749200000| PB 0x0000000749200000| Untracked 
| 586|0x0000000749400000, 0x0000000749400000, 0x0000000749600000|  0%| F|  |TAMS 0x0000000749400000| PB 0x0000000749400000| Untracked 
| 587|0x0000000749600000, 0x0000000749600000, 0x0000000749800000|  0%| F|  |TAMS 0x0000000749600000| PB 0x0000000749600000| Untracked 
| 588|0x0000000749800000, 0x0000000749800000, 0x0000000749a00000|  0%| F|  |TAMS 0x0000000749800000| PB 0x0000000749800000| Untracked 
| 589|0x0000000749a00000, 0x0000000749a00000, 0x0000000749c00000|  0%| F|  |TAMS 0x0000000749a00000| PB 0x0000000749a00000| Untracked 
| 590|0x0000000749c00000, 0x0000000749c00000, 0x0000000749e00000|  0%| F|  |TAMS 0x0000000749c00000| PB 0x0000000749c00000| Untracked 
| 591|0x0000000749e00000, 0x0000000749e00000, 0x000000074a000000|  0%| F|  |TAMS 0x0000000749e00000| PB 0x0000000749e00000| Untracked 
| 592|0x000000074a000000, 0x000000074a000000, 0x000000074a200000|  0%| F|  |TAMS 0x000000074a000000| PB 0x000000074a000000| Untracked 
| 593|0x000000074a200000, 0x000000074a200000, 0x000000074a400000|  0%| F|  |TAMS 0x000000074a200000| PB 0x000000074a200000| Untracked 
| 594|0x000000074a400000, 0x000000074a400000, 0x000000074a600000|  0%| F|  |TAMS 0x000000074a400000| PB 0x000000074a400000| Untracked 
| 595|0x000000074a600000, 0x000000074a600000, 0x000000074a800000|  0%| F|  |TAMS 0x000000074a600000| PB 0x000000074a600000| Untracked 
| 596|0x000000074a800000, 0x000000074a800000, 0x000000074aa00000|  0%| F|  |TAMS 0x000000074a800000| PB 0x000000074a800000| Untracked 
| 597|0x000000074aa00000, 0x000000074aa00000, 0x000000074ac00000|  0%| F|  |TAMS 0x000000074aa00000| PB 0x000000074aa00000| Untracked 
| 598|0x000000074ac00000, 0x000000074ac00000, 0x000000074ae00000|  0%| F|  |TAMS 0x000000074ac00000| PB 0x000000074ac00000| Untracked 
| 599|0x000000074ae00000, 0x000000074ae00000, 0x000000074b000000|  0%| F|  |TAMS 0x000000074ae00000| PB 0x000000074ae00000| Untracked 
| 600|0x000000074b000000, 0x000000074b000000, 0x000000074b200000|  0%| F|  |TAMS 0x000000074b000000| PB 0x000000074b000000| Untracked 
| 601|0x000000074b200000, 0x000000074b200000, 0x000000074b400000|  0%| F|  |TAMS 0x000000074b200000| PB 0x000000074b200000| Untracked 
| 602|0x000000074b400000, 0x000000074b400000, 0x000000074b600000|  0%| F|  |TAMS 0x000000074b400000| PB 0x000000074b400000| Untracked 
| 603|0x000000074b600000, 0x000000074b600000, 0x000000074b800000|  0%| F|  |TAMS 0x000000074b600000| PB 0x000000074b600000| Untracked 
| 604|0x000000074b800000, 0x000000074b800000, 0x000000074ba00000|  0%| F|  |TAMS 0x000000074b800000| PB 0x000000074b800000| Untracked 
| 605|0x000000074ba00000, 0x000000074ba00000, 0x000000074bc00000|  0%| F|  |TAMS 0x000000074ba00000| PB 0x000000074ba00000| Untracked 
| 606|0x000000074bc00000, 0x000000074bc00000, 0x000000074be00000|  0%| F|  |TAMS 0x000000074bc00000| PB 0x000000074bc00000| Untracked 
| 607|0x000000074be00000, 0x000000074be00000, 0x000000074c000000|  0%| F|  |TAMS 0x000000074be00000| PB 0x000000074be00000| Untracked 
| 608|0x000000074c000000, 0x000000074c000000, 0x000000074c200000|  0%| F|  |TAMS 0x000000074c000000| PB 0x000000074c000000| Untracked 
| 609|0x000000074c200000, 0x000000074c200000, 0x000000074c400000|  0%| F|  |TAMS 0x000000074c200000| PB 0x000000074c200000| Untracked 
| 610|0x000000074c400000, 0x000000074c400000, 0x000000074c600000|  0%| F|  |TAMS 0x000000074c400000| PB 0x000000074c400000| Untracked 
| 611|0x000000074c600000, 0x000000074c600000, 0x000000074c800000|  0%| F|  |TAMS 0x000000074c600000| PB 0x000000074c600000| Untracked 
| 612|0x000000074c800000, 0x000000074c800000, 0x000000074ca00000|  0%| F|  |TAMS 0x000000074c800000| PB 0x000000074c800000| Untracked 
| 613|0x000000074ca00000, 0x000000074ca00000, 0x000000074cc00000|  0%| F|  |TAMS 0x000000074ca00000| PB 0x000000074ca00000| Untracked 
| 614|0x000000074cc00000, 0x000000074cc00000, 0x000000074ce00000|  0%| F|  |TAMS 0x000000074cc00000| PB 0x000000074cc00000| Untracked 
| 615|0x000000074ce00000, 0x000000074ce00000, 0x000000074d000000|  0%| F|  |TAMS 0x000000074ce00000| PB 0x000000074ce00000| Untracked 
| 616|0x000000074d000000, 0x000000074d000000, 0x000000074d200000|  0%| F|  |TAMS 0x000000074d000000| PB 0x000000074d000000| Untracked 
| 617|0x000000074d200000, 0x000000074d200000, 0x000000074d400000|  0%| F|  |TAMS 0x000000074d200000| PB 0x000000074d200000| Untracked 
| 618|0x000000074d400000, 0x000000074d400000, 0x000000074d600000|  0%| F|  |TAMS 0x000000074d400000| PB 0x000000074d400000| Untracked 
| 619|0x000000074d600000, 0x000000074d600000, 0x000000074d800000|  0%| F|  |TAMS 0x000000074d600000| PB 0x000000074d600000| Untracked 
| 620|0x000000074d800000, 0x000000074d800000, 0x000000074da00000|  0%| F|  |TAMS 0x000000074d800000| PB 0x000000074d800000| Untracked 
| 621|0x000000074da00000, 0x000000074da00000, 0x000000074dc00000|  0%| F|  |TAMS 0x000000074da00000| PB 0x000000074da00000| Untracked 
| 622|0x000000074dc00000, 0x000000074dc00000, 0x000000074de00000|  0%| F|  |TAMS 0x000000074dc00000| PB 0x000000074dc00000| Untracked 
| 623|0x000000074de00000, 0x000000074de00000, 0x000000074e000000|  0%| F|  |TAMS 0x000000074de00000| PB 0x000000074de00000| Untracked 
| 624|0x000000074e000000, 0x000000074e000000, 0x000000074e200000|  0%| F|  |TAMS 0x000000074e000000| PB 0x000000074e000000| Untracked 
| 625|0x000000074e200000, 0x000000074e200000, 0x000000074e400000|  0%| F|  |TAMS 0x000000074e200000| PB 0x000000074e200000| Untracked 
| 626|0x000000074e400000, 0x000000074e400000, 0x000000074e600000|  0%| F|  |TAMS 0x000000074e400000| PB 0x000000074e400000| Untracked 
| 627|0x000000074e600000, 0x000000074e600000, 0x000000074e800000|  0%| F|  |TAMS 0x000000074e600000| PB 0x000000074e600000| Untracked 
| 628|0x000000074e800000, 0x000000074e800000, 0x000000074ea00000|  0%| F|  |TAMS 0x000000074e800000| PB 0x000000074e800000| Untracked 
| 629|0x000000074ea00000, 0x000000074ea00000, 0x000000074ec00000|  0%| F|  |TAMS 0x000000074ea00000| PB 0x000000074ea00000| Untracked 
| 630|0x000000074ec00000, 0x000000074ec00000, 0x000000074ee00000|  0%| F|  |TAMS 0x000000074ec00000| PB 0x000000074ec00000| Untracked 
| 631|0x000000074ee00000, 0x000000074ee00000, 0x000000074f000000|  0%| F|  |TAMS 0x000000074ee00000| PB 0x000000074ee00000| Untracked 
| 632|0x000000074f000000, 0x000000074f000000, 0x000000074f200000|  0%| F|  |TAMS 0x000000074f000000| PB 0x000000074f000000| Untracked 
| 633|0x000000074f200000, 0x000000074f200000, 0x000000074f400000|  0%| F|  |TAMS 0x000000074f200000| PB 0x000000074f200000| Untracked 
| 634|0x000000074f400000, 0x000000074f400000, 0x000000074f600000|  0%| F|  |TAMS 0x000000074f400000| PB 0x000000074f400000| Untracked 
| 635|0x000000074f600000, 0x000000074f600000, 0x000000074f800000|  0%| F|  |TAMS 0x000000074f600000| PB 0x000000074f600000| Untracked 
| 636|0x000000074f800000, 0x000000074f800000, 0x000000074fa00000|  0%| F|  |TAMS 0x000000074f800000| PB 0x000000074f800000| Untracked 
| 637|0x000000074fa00000, 0x000000074fa00000, 0x000000074fc00000|  0%| F|  |TAMS 0x000000074fa00000| PB 0x000000074fa00000| Untracked 
| 638|0x000000074fc00000, 0x000000074fc00000, 0x000000074fe00000|  0%| F|  |TAMS 0x000000074fc00000| PB 0x000000074fc00000| Untracked 
| 639|0x000000074fe00000, 0x000000074fe00000, 0x0000000750000000|  0%| F|  |TAMS 0x000000074fe00000| PB 0x000000074fe00000| Untracked 
| 640|0x0000000750000000, 0x0000000750000000, 0x0000000750200000|  0%| F|  |TAMS 0x0000000750000000| PB 0x0000000750000000| Untracked 
| 641|0x0000000750200000, 0x0000000750200000, 0x0000000750400000|  0%| F|  |TAMS 0x0000000750200000| PB 0x0000000750200000| Untracked 
| 642|0x0000000750400000, 0x0000000750400000, 0x0000000750600000|  0%| F|  |TAMS 0x0000000750400000| PB 0x0000000750400000| Untracked 
| 643|0x0000000750600000, 0x0000000750600000, 0x0000000750800000|  0%| F|  |TAMS 0x0000000750600000| PB 0x0000000750600000| Untracked 
| 644|0x0000000750800000, 0x0000000750800000, 0x0000000750a00000|  0%| F|  |TAMS 0x0000000750800000| PB 0x0000000750800000| Untracked 
| 645|0x0000000750a00000, 0x0000000750a00000, 0x0000000750c00000|  0%| F|  |TAMS 0x0000000750a00000| PB 0x0000000750a00000| Untracked 
| 646|0x0000000750c00000, 0x0000000750c00000, 0x0000000750e00000|  0%| F|  |TAMS 0x0000000750c00000| PB 0x0000000750c00000| Untracked 
| 647|0x0000000750e00000, 0x0000000750e00000, 0x0000000751000000|  0%| F|  |TAMS 0x0000000750e00000| PB 0x0000000750e00000| Untracked 
| 648|0x0000000751000000, 0x0000000751000000, 0x0000000751200000|  0%| F|  |TAMS 0x0000000751000000| PB 0x0000000751000000| Untracked 
| 649|0x0000000751200000, 0x0000000751200000, 0x0000000751400000|  0%| F|  |TAMS 0x0000000751200000| PB 0x0000000751200000| Untracked 
| 650|0x0000000751400000, 0x0000000751400000, 0x0000000751600000|  0%| F|  |TAMS 0x0000000751400000| PB 0x0000000751400000| Untracked 
| 651|0x0000000751600000, 0x0000000751600000, 0x0000000751800000|  0%| F|  |TAMS 0x0000000751600000| PB 0x0000000751600000| Untracked 
| 652|0x0000000751800000, 0x0000000751800000, 0x0000000751a00000|  0%| F|  |TAMS 0x0000000751800000| PB 0x0000000751800000| Untracked 
| 653|0x0000000751a00000, 0x0000000751a00000, 0x0000000751c00000|  0%| F|  |TAMS 0x0000000751a00000| PB 0x0000000751a00000| Untracked 
| 654|0x0000000751c00000, 0x0000000751c00000, 0x0000000751e00000|  0%| F|  |TAMS 0x0000000751c00000| PB 0x0000000751c00000| Untracked 
| 655|0x0000000751e00000, 0x0000000751e00000, 0x0000000752000000|  0%| F|  |TAMS 0x0000000751e00000| PB 0x0000000751e00000| Untracked 
| 656|0x0000000752000000, 0x0000000752000000, 0x0000000752200000|  0%| F|  |TAMS 0x0000000752000000| PB 0x0000000752000000| Untracked 
| 657|0x0000000752200000, 0x00000007523c9590, 0x0000000752400000| 89%| S|CS|TAMS 0x0000000752200000| PB 0x0000000752200000| Complete 
| 658|0x0000000752400000, 0x0000000752600000, 0x0000000752600000|100%| S|CS|TAMS 0x0000000752400000| PB 0x0000000752400000| Complete 
| 659|0x0000000752600000, 0x0000000752800000, 0x0000000752800000|100%| S|CS|TAMS 0x0000000752600000| PB 0x0000000752600000| Complete 
| 660|0x0000000752800000, 0x0000000752a00000, 0x0000000752a00000|100%| S|CS|TAMS 0x0000000752800000| PB 0x0000000752800000| Complete 
| 661|0x0000000752a00000, 0x0000000752c00000, 0x0000000752c00000|100%| S|CS|TAMS 0x0000000752a00000| PB 0x0000000752a00000| Complete 
| 662|0x0000000752c00000, 0x0000000752e00000, 0x0000000752e00000|100%| S|CS|TAMS 0x0000000752c00000| PB 0x0000000752c00000| Complete 
| 663|0x0000000752e00000, 0x0000000753000000, 0x0000000753000000|100%| S|CS|TAMS 0x0000000752e00000| PB 0x0000000752e00000| Complete 
| 664|0x0000000753000000, 0x0000000753200000, 0x0000000753200000|100%| S|CS|TAMS 0x0000000753000000| PB 0x0000000753000000| Complete 
| 665|0x0000000753200000, 0x0000000753400000, 0x0000000753400000|100%| S|CS|TAMS 0x0000000753200000| PB 0x0000000753200000| Complete 
| 666|0x0000000753400000, 0x0000000753600000, 0x0000000753600000|100%| S|CS|TAMS 0x0000000753400000| PB 0x0000000753400000| Complete 
| 667|0x0000000753600000, 0x0000000753800000, 0x0000000753800000|100%| S|CS|TAMS 0x0000000753600000| PB 0x0000000753600000| Complete 
| 668|0x0000000753800000, 0x0000000753a00000, 0x0000000753a00000|100%| S|CS|TAMS 0x0000000753800000| PB 0x0000000753800000| Complete 
| 669|0x0000000753a00000, 0x0000000753c00000, 0x0000000753c00000|100%| S|CS|TAMS 0x0000000753a00000| PB 0x0000000753a00000| Complete 
| 670|0x0000000753c00000, 0x0000000753c00000, 0x0000000753e00000|  0%| F|  |TAMS 0x0000000753c00000| PB 0x0000000753c00000| Untracked 
| 671|0x0000000753e00000, 0x0000000753e00000, 0x0000000754000000|  0%| F|  |TAMS 0x0000000753e00000| PB 0x0000000753e00000| Untracked 
| 672|0x0000000754000000, 0x0000000754000000, 0x0000000754200000|  0%| F|  |TAMS 0x0000000754000000| PB 0x0000000754000000| Untracked 
| 673|0x0000000754200000, 0x0000000754200000, 0x0000000754400000|  0%| F|  |TAMS 0x0000000754200000| PB 0x0000000754200000| Untracked 
| 674|0x0000000754400000, 0x0000000754400000, 0x0000000754600000|  0%| F|  |TAMS 0x0000000754400000| PB 0x0000000754400000| Untracked 
| 675|0x0000000754600000, 0x0000000754600000, 0x0000000754800000|  0%| F|  |TAMS 0x0000000754600000| PB 0x0000000754600000| Untracked 
| 676|0x0000000754800000, 0x0000000754800000, 0x0000000754a00000|  0%| F|  |TAMS 0x0000000754800000| PB 0x0000000754800000| Untracked 
| 677|0x0000000754a00000, 0x0000000754a00000, 0x0000000754c00000|  0%| F|  |TAMS 0x0000000754a00000| PB 0x0000000754a00000| Untracked 
| 678|0x0000000754c00000, 0x0000000754c00000, 0x0000000754e00000|  0%| F|  |TAMS 0x0000000754c00000| PB 0x0000000754c00000| Untracked 
| 679|0x0000000754e00000, 0x0000000754e00000, 0x0000000755000000|  0%| F|  |TAMS 0x0000000754e00000| PB 0x0000000754e00000| Untracked 
| 680|0x0000000755000000, 0x0000000755000000, 0x0000000755200000|  0%| F|  |TAMS 0x0000000755000000| PB 0x0000000755000000| Untracked 
| 681|0x0000000755200000, 0x0000000755200000, 0x0000000755400000|  0%| F|  |TAMS 0x0000000755200000| PB 0x0000000755200000| Untracked 
| 682|0x0000000755400000, 0x0000000755400000, 0x0000000755600000|  0%| F|  |TAMS 0x0000000755400000| PB 0x0000000755400000| Untracked 
| 683|0x0000000755600000, 0x0000000755600000, 0x0000000755800000|  0%| F|  |TAMS 0x0000000755600000| PB 0x0000000755600000| Untracked 
| 684|0x0000000755800000, 0x0000000755800000, 0x0000000755a00000|  0%| F|  |TAMS 0x0000000755800000| PB 0x0000000755800000| Untracked 
| 685|0x0000000755a00000, 0x0000000755a00000, 0x0000000755c00000|  0%| F|  |TAMS 0x0000000755a00000| PB 0x0000000755a00000| Untracked 
| 686|0x0000000755c00000, 0x0000000755c00000, 0x0000000755e00000|  0%| F|  |TAMS 0x0000000755c00000| PB 0x0000000755c00000| Untracked 
| 687|0x0000000755e00000, 0x0000000755e00000, 0x0000000756000000|  0%| F|  |TAMS 0x0000000755e00000| PB 0x0000000755e00000| Untracked 
| 688|0x0000000756000000, 0x0000000756000000, 0x0000000756200000|  0%| F|  |TAMS 0x0000000756000000| PB 0x0000000756000000| Untracked 
| 689|0x0000000756200000, 0x0000000756200000, 0x0000000756400000|  0%| F|  |TAMS 0x0000000756200000| PB 0x0000000756200000| Untracked 
| 690|0x0000000756400000, 0x0000000756400000, 0x0000000756600000|  0%| F|  |TAMS 0x0000000756400000| PB 0x0000000756400000| Untracked 
| 691|0x0000000756600000, 0x0000000756600000, 0x0000000756800000|  0%| F|  |TAMS 0x0000000756600000| PB 0x0000000756600000| Untracked 
| 692|0x0000000756800000, 0x0000000756800000, 0x0000000756a00000|  0%| F|  |TAMS 0x0000000756800000| PB 0x0000000756800000| Untracked 
| 693|0x0000000756a00000, 0x0000000756a00000, 0x0000000756c00000|  0%| F|  |TAMS 0x0000000756a00000| PB 0x0000000756a00000| Untracked 
| 694|0x0000000756c00000, 0x0000000756c00000, 0x0000000756e00000|  0%| F|  |TAMS 0x0000000756c00000| PB 0x0000000756c00000| Untracked 
| 695|0x0000000756e00000, 0x0000000756e00000, 0x0000000757000000|  0%| F|  |TAMS 0x0000000756e00000| PB 0x0000000756e00000| Untracked 
| 696|0x0000000757000000, 0x0000000757000000, 0x0000000757200000|  0%| F|  |TAMS 0x0000000757000000| PB 0x0000000757000000| Untracked 
| 697|0x0000000757200000, 0x0000000757200000, 0x0000000757400000|  0%| F|  |TAMS 0x0000000757200000| PB 0x0000000757200000| Untracked 
| 698|0x0000000757400000, 0x0000000757400000, 0x0000000757600000|  0%| F|  |TAMS 0x0000000757400000| PB 0x0000000757400000| Untracked 
| 699|0x0000000757600000, 0x0000000757600000, 0x0000000757800000|  0%| F|  |TAMS 0x0000000757600000| PB 0x0000000757600000| Untracked 
| 700|0x0000000757800000, 0x0000000757800000, 0x0000000757a00000|  0%| F|  |TAMS 0x0000000757800000| PB 0x0000000757800000| Untracked 
| 701|0x0000000757a00000, 0x0000000757a00000, 0x0000000757c00000|  0%| F|  |TAMS 0x0000000757a00000| PB 0x0000000757a00000| Untracked 
| 702|0x0000000757c00000, 0x0000000757c00000, 0x0000000757e00000|  0%| F|  |TAMS 0x0000000757c00000| PB 0x0000000757c00000| Untracked 
| 703|0x0000000757e00000, 0x0000000757e00000, 0x0000000758000000|  0%| F|  |TAMS 0x0000000757e00000| PB 0x0000000757e00000| Untracked 
| 704|0x0000000758000000, 0x0000000758000000, 0x0000000758200000|  0%| F|  |TAMS 0x0000000758000000| PB 0x0000000758000000| Untracked 
| 705|0x0000000758200000, 0x0000000758200000, 0x0000000758400000|  0%| F|  |TAMS 0x0000000758200000| PB 0x0000000758200000| Untracked 
| 706|0x0000000758400000, 0x0000000758400000, 0x0000000758600000|  0%| F|  |TAMS 0x0000000758400000| PB 0x0000000758400000| Untracked 
| 707|0x0000000758600000, 0x0000000758600000, 0x0000000758800000|  0%| F|  |TAMS 0x0000000758600000| PB 0x0000000758600000| Untracked 
| 708|0x0000000758800000, 0x0000000758800000, 0x0000000758a00000|  0%| F|  |TAMS 0x0000000758800000| PB 0x0000000758800000| Untracked 
| 709|0x0000000758a00000, 0x0000000758a00000, 0x0000000758c00000|  0%| F|  |TAMS 0x0000000758a00000| PB 0x0000000758a00000| Untracked 
| 710|0x0000000758c00000, 0x0000000758c00000, 0x0000000758e00000|  0%| F|  |TAMS 0x0000000758c00000| PB 0x0000000758c00000| Untracked 
| 711|0x0000000758e00000, 0x0000000758e00000, 0x0000000759000000|  0%| F|  |TAMS 0x0000000758e00000| PB 0x0000000758e00000| Untracked 
| 712|0x0000000759000000, 0x0000000759000000, 0x0000000759200000|  0%| F|  |TAMS 0x0000000759000000| PB 0x0000000759000000| Untracked 
| 713|0x0000000759200000, 0x0000000759200000, 0x0000000759400000|  0%| F|  |TAMS 0x0000000759200000| PB 0x0000000759200000| Untracked 
| 714|0x0000000759400000, 0x0000000759400000, 0x0000000759600000|  0%| F|  |TAMS 0x0000000759400000| PB 0x0000000759400000| Untracked 
| 715|0x0000000759600000, 0x0000000759600000, 0x0000000759800000|  0%| F|  |TAMS 0x0000000759600000| PB 0x0000000759600000| Untracked 
| 716|0x0000000759800000, 0x0000000759800000, 0x0000000759a00000|  0%| F|  |TAMS 0x0000000759800000| PB 0x0000000759800000| Untracked 
| 717|0x0000000759a00000, 0x0000000759a00000, 0x0000000759c00000|  0%| F|  |TAMS 0x0000000759a00000| PB 0x0000000759a00000| Untracked 
| 718|0x0000000759c00000, 0x0000000759c00000, 0x0000000759e00000|  0%| F|  |TAMS 0x0000000759c00000| PB 0x0000000759c00000| Untracked 
| 719|0x0000000759e00000, 0x0000000759e00000, 0x000000075a000000|  0%| F|  |TAMS 0x0000000759e00000| PB 0x0000000759e00000| Untracked 
| 720|0x000000075a000000, 0x000000075a000000, 0x000000075a200000|  0%| F|  |TAMS 0x000000075a000000| PB 0x000000075a000000| Untracked 
| 721|0x000000075a200000, 0x000000075a200000, 0x000000075a400000|  0%| F|  |TAMS 0x000000075a200000| PB 0x000000075a200000| Untracked 
| 722|0x000000075a400000, 0x000000075a400000, 0x000000075a600000|  0%| F|  |TAMS 0x000000075a400000| PB 0x000000075a400000| Untracked 
| 723|0x000000075a600000, 0x000000075a600000, 0x000000075a800000|  0%| F|  |TAMS 0x000000075a600000| PB 0x000000075a600000| Untracked 
| 724|0x000000075a800000, 0x000000075a800000, 0x000000075aa00000|  0%| F|  |TAMS 0x000000075a800000| PB 0x000000075a800000| Untracked 
| 725|0x000000075aa00000, 0x000000075aa00000, 0x000000075ac00000|  0%| F|  |TAMS 0x000000075aa00000| PB 0x000000075aa00000| Untracked 
| 726|0x000000075ac00000, 0x000000075ac00000, 0x000000075ae00000|  0%| F|  |TAMS 0x000000075ac00000| PB 0x000000075ac00000| Untracked 
| 727|0x000000075ae00000, 0x000000075ae00000, 0x000000075b000000|  0%| F|  |TAMS 0x000000075ae00000| PB 0x000000075ae00000| Untracked 
| 728|0x000000075b000000, 0x000000075b000000, 0x000000075b200000|  0%| F|  |TAMS 0x000000075b000000| PB 0x000000075b000000| Untracked 
| 729|0x000000075b200000, 0x000000075b200000, 0x000000075b400000|  0%| F|  |TAMS 0x000000075b200000| PB 0x000000075b200000| Untracked 
| 730|0x000000075b400000, 0x000000075b400000, 0x000000075b600000|  0%| F|  |TAMS 0x000000075b400000| PB 0x000000075b400000| Untracked 
| 731|0x000000075b600000, 0x000000075b600000, 0x000000075b800000|  0%| F|  |TAMS 0x000000075b600000| PB 0x000000075b600000| Untracked 
| 732|0x000000075b800000, 0x000000075b800000, 0x000000075ba00000|  0%| F|  |TAMS 0x000000075b800000| PB 0x000000075b800000| Untracked 
| 733|0x000000075ba00000, 0x000000075ba00000, 0x000000075bc00000|  0%| F|  |TAMS 0x000000075ba00000| PB 0x000000075ba00000| Untracked 
| 734|0x000000075bc00000, 0x000000075bc00000, 0x000000075be00000|  0%| F|  |TAMS 0x000000075bc00000| PB 0x000000075bc00000| Untracked 
| 735|0x000000075be00000, 0x000000075be00000, 0x000000075c000000|  0%| F|  |TAMS 0x000000075be00000| PB 0x000000075be00000| Untracked 
| 736|0x000000075c000000, 0x000000075c000000, 0x000000075c200000|  0%| F|  |TAMS 0x000000075c000000| PB 0x000000075c000000| Untracked 
| 737|0x000000075c200000, 0x000000075c200000, 0x000000075c400000|  0%| F|  |TAMS 0x000000075c200000| PB 0x000000075c200000| Untracked 
| 738|0x000000075c400000, 0x000000075c400000, 0x000000075c600000|  0%| F|  |TAMS 0x000000075c400000| PB 0x000000075c400000| Untracked 
| 739|0x000000075c600000, 0x000000075c600000, 0x000000075c800000|  0%| F|  |TAMS 0x000000075c600000| PB 0x000000075c600000| Untracked 
| 740|0x000000075c800000, 0x000000075c800000, 0x000000075ca00000|  0%| F|  |TAMS 0x000000075c800000| PB 0x000000075c800000| Untracked 
| 741|0x000000075ca00000, 0x000000075ca00000, 0x000000075cc00000|  0%| F|  |TAMS 0x000000075ca00000| PB 0x000000075ca00000| Untracked 
| 742|0x000000075cc00000, 0x000000075cc00000, 0x000000075ce00000|  0%| F|  |TAMS 0x000000075cc00000| PB 0x000000075cc00000| Untracked 
| 743|0x000000075ce00000, 0x000000075ce00000, 0x000000075d000000|  0%| F|  |TAMS 0x000000075ce00000| PB 0x000000075ce00000| Untracked 
| 744|0x000000075d000000, 0x000000075d000000, 0x000000075d200000|  0%| F|  |TAMS 0x000000075d000000| PB 0x000000075d000000| Untracked 
| 745|0x000000075d200000, 0x000000075d200000, 0x000000075d400000|  0%| F|  |TAMS 0x000000075d200000| PB 0x000000075d200000| Untracked 
| 746|0x000000075d400000, 0x000000075d400000, 0x000000075d600000|  0%| F|  |TAMS 0x000000075d400000| PB 0x000000075d400000| Untracked 
| 747|0x000000075d600000, 0x000000075d600000, 0x000000075d800000|  0%| F|  |TAMS 0x000000075d600000| PB 0x000000075d600000| Untracked 
| 748|0x000000075d800000, 0x000000075d800000, 0x000000075da00000|  0%| F|  |TAMS 0x000000075d800000| PB 0x000000075d800000| Untracked 
| 749|0x000000075da00000, 0x000000075da00000, 0x000000075dc00000|  0%| F|  |TAMS 0x000000075da00000| PB 0x000000075da00000| Untracked 
| 750|0x000000075dc00000, 0x000000075dc00000, 0x000000075de00000|  0%| F|  |TAMS 0x000000075dc00000| PB 0x000000075dc00000| Untracked 
| 751|0x000000075de00000, 0x000000075de00000, 0x000000075e000000|  0%| F|  |TAMS 0x000000075de00000| PB 0x000000075de00000| Untracked 
| 752|0x000000075e000000, 0x000000075e000000, 0x000000075e200000|  0%| F|  |TAMS 0x000000075e000000| PB 0x000000075e000000| Untracked 
| 753|0x000000075e200000, 0x000000075e200000, 0x000000075e400000|  0%| F|  |TAMS 0x000000075e200000| PB 0x000000075e200000| Untracked 
| 754|0x000000075e400000, 0x000000075e400000, 0x000000075e600000|  0%| F|  |TAMS 0x000000075e400000| PB 0x000000075e400000| Untracked 
| 755|0x000000075e600000, 0x000000075e600000, 0x000000075e800000|  0%| F|  |TAMS 0x000000075e600000| PB 0x000000075e600000| Untracked 
| 756|0x000000075e800000, 0x000000075e800000, 0x000000075ea00000|  0%| F|  |TAMS 0x000000075e800000| PB 0x000000075e800000| Untracked 
| 757|0x000000075ea00000, 0x000000075ea00000, 0x000000075ec00000|  0%| F|  |TAMS 0x000000075ea00000| PB 0x000000075ea00000| Untracked 
| 758|0x000000075ec00000, 0x000000075ec00000, 0x000000075ee00000|  0%| F|  |TAMS 0x000000075ec00000| PB 0x000000075ec00000| Untracked 
| 759|0x000000075ee00000, 0x000000075ee00000, 0x000000075f000000|  0%| F|  |TAMS 0x000000075ee00000| PB 0x000000075ee00000| Untracked 
| 760|0x000000075f000000, 0x000000075f000000, 0x000000075f200000|  0%| F|  |TAMS 0x000000075f000000| PB 0x000000075f000000| Untracked 
| 761|0x000000075f200000, 0x000000075f200000, 0x000000075f400000|  0%| F|  |TAMS 0x000000075f200000| PB 0x000000075f200000| Untracked 
| 762|0x000000075f400000, 0x000000075f400000, 0x000000075f600000|  0%| F|  |TAMS 0x000000075f400000| PB 0x000000075f400000| Untracked 
| 763|0x000000075f600000, 0x000000075f600000, 0x000000075f800000|  0%| F|  |TAMS 0x000000075f600000| PB 0x000000075f600000| Untracked 
| 764|0x000000075f800000, 0x000000075f800000, 0x000000075fa00000|  0%| F|  |TAMS 0x000000075f800000| PB 0x000000075f800000| Untracked 
| 765|0x000000075fa00000, 0x000000075fa00000, 0x000000075fc00000|  0%| F|  |TAMS 0x000000075fa00000| PB 0x000000075fa00000| Untracked 
| 766|0x000000075fc00000, 0x000000075fc00000, 0x000000075fe00000|  0%| F|  |TAMS 0x000000075fc00000| PB 0x000000075fc00000| Untracked 
| 767|0x000000075fe00000, 0x000000075fe00000, 0x0000000760000000|  0%| F|  |TAMS 0x000000075fe00000| PB 0x000000075fe00000| Untracked 
| 768|0x0000000760000000, 0x0000000760000000, 0x0000000760200000|  0%| F|  |TAMS 0x0000000760000000| PB 0x0000000760000000| Untracked 
| 769|0x0000000760200000, 0x0000000760200000, 0x0000000760400000|  0%| F|  |TAMS 0x0000000760200000| PB 0x0000000760200000| Untracked 
| 770|0x0000000760400000, 0x0000000760400000, 0x0000000760600000|  0%| F|  |TAMS 0x0000000760400000| PB 0x0000000760400000| Untracked 
| 771|0x0000000760600000, 0x0000000760600000, 0x0000000760800000|  0%| F|  |TAMS 0x0000000760600000| PB 0x0000000760600000| Untracked 
| 772|0x0000000760800000, 0x0000000760800000, 0x0000000760a00000|  0%| F|  |TAMS 0x0000000760800000| PB 0x0000000760800000| Untracked 
| 773|0x0000000760a00000, 0x0000000760a00000, 0x0000000760c00000|  0%| F|  |TAMS 0x0000000760a00000| PB 0x0000000760a00000| Untracked 
| 774|0x0000000760c00000, 0x0000000760d19d48, 0x0000000760e00000| 55%| E|  |TAMS 0x0000000760c00000| PB 0x0000000760c00000| Complete 
|2038|0x00000007fec00000, 0x00000007fee00000, 0x00000007fee00000|100%| O|  |TAMS 0x00000007fec00000| PB 0x00000007fec00000| Untracked 
|2039|0x00000007fee00000, 0x00000007ff000000, 0x00000007ff000000|100%| E|CS|TAMS 0x00000007fee00000| PB 0x00000007fee00000| Complete 
|2040|0x00000007ff000000, 0x00000007ff200000, 0x00000007ff200000|100%| E|CS|TAMS 0x00000007ff000000| PB 0x00000007ff000000| Complete 
|2041|0x00000007ff200000, 0x00000007ff400000, 0x00000007ff400000|100%| E|CS|TAMS 0x00000007ff200000| PB 0x00000007ff200000| Complete 
|2042|0x00000007ff400000, 0x00000007ff600000, 0x00000007ff600000|100%| E|CS|TAMS 0x00000007ff400000| PB 0x00000007ff400000| Complete 
|2043|0x00000007ff600000, 0x00000007ff800000, 0x00000007ff800000|100%| E|CS|TAMS 0x00000007ff600000| PB 0x00000007ff600000| Complete 
|2044|0x00000007ff800000, 0x00000007ffa00000, 0x00000007ffa00000|100%| E|CS|TAMS 0x00000007ff800000| PB 0x00000007ff800000| Complete 
|2045|0x00000007ffa00000, 0x00000007ffc00000, 0x00000007ffc00000|100%| E|CS|TAMS 0x00000007ffa00000| PB 0x00000007ffa00000| Complete 
|2046|0x00000007ffc00000, 0x00000007ffe00000, 0x00000007ffe00000|100%| E|CS|TAMS 0x00000007ffc00000| PB 0x00000007ffc00000| Complete 
|2047|0x00000007ffe00000, 0x0000000800000000, 0x0000000800000000|100%| E|CS|TAMS 0x00000007ffe00000| PB 0x00000007ffe00000| Complete 

Card table byte_map: [0x0000016cdb5b0000,0x0000016cdbdb0000] _byte_map_base: 0x0000016cd7db0000

Marking Bits: (CMBitMap*) 0x0000016cc8cc4d30
 Bits: [0x0000016cdbdb0000, 0x0000016cdfdb0000)

Polling page: 0x0000016cc6ac0000

Metaspace:

Usage:
  Non-class:    200.53 MB used.
      Class:     29.66 MB used.
       Both:    230.19 MB used.

Virtual space:
  Non-class space:      256.00 MB reserved,     201.81 MB ( 79%) committed,  4 nodes.
      Class space:        1.00 GB reserved,      30.94 MB (  3%) committed,  1 nodes.
             Both:        1.25 GB reserved,     232.75 MB ( 18%) committed. 

Chunk freelists:
   Non-Class:  5.73 MB
       Class:  1.09 MB
        Both:  6.83 MB

MaxMetaspaceSize: unlimited
CompressedClassSpaceSize: 1.00 GB
Initial GC threshold: 21.00 MB
Current GC threshold: 382.81 MB
CDS: off
 - commit_granule_bytes: 65536.
 - commit_granule_words: 8192.
 - virtual_space_node_default_size: 8388608.
 - enlarge_chunks_in_place: 1.
 - use_allocation_guard: 0.


Internal statistics:

num_allocs_failed_limit: 6.
num_arena_births: 5064.
num_arena_deaths: 48.
num_vsnodes_births: 5.
num_vsnodes_deaths: 0.
num_space_committed: 3732.
num_space_uncommitted: 8.
num_chunks_returned_to_freelist: 137.
num_chunks_taken_from_freelist: 14597.
num_chunk_merges: 24.
num_chunk_splits: 10119.
num_chunks_enlarged: 7120.
num_inconsistent_stats: 0.

CodeHeap 'non-profiled nmethods': size=120000Kb used=18729Kb max_used=20882Kb free=101271Kb
 bounds [0x0000016cd3880000, 0x0000016cd4d20000, 0x0000016cdadb0000]
CodeHeap 'profiled nmethods': size=120000Kb used=38706Kb max_used=49228Kb free=81293Kb
 bounds [0x0000016ccbdb0000, 0x0000016cceea0000, 0x0000016cd32e0000]
CodeHeap 'non-nmethods': size=5760Kb used=2505Kb max_used=2582Kb free=3254Kb
 bounds [0x0000016cd32e0000, 0x0000016cd3580000, 0x0000016cd3880000]
 total_blobs=19791 nmethods=18641 adapters=1052
 compilation: enabled
              stopped_count=0, restarted_count=0
 full_count=0

Compilation events (20 events):
Event: 452.306 Thread 0x0000016ce2486000 34478       3       com.android.tools.r8.synthesis.z::a (26 bytes)
Event: 452.307 Thread 0x0000016ce2486000 nmethod 34478 0x0000016ccc74ab10 code [0x0000016ccc74ad00, 0x0000016ccc74b230]
Event: 452.307 Thread 0x0000016ce2486000 34479       3       com.android.tools.r8.synthesis.z::a (36 bytes)
Event: 452.309 Thread 0x0000016ce244d300 34480       4       com.android.tools.r8.graph.G5::a0 (2 bytes)
Event: 452.309 Thread 0x0000016ce244d300 nmethod 34480 0x0000016cd3c5b610 code [0x0000016cd3c5b7a0, 0x0000016cd3c5b828]
Event: 452.309 Thread 0x0000016ce244d300 34481       4       com.android.tools.r8.graph.I5::L (2 bytes)
Event: 452.310 Thread 0x0000016ce2486000 nmethod 34479 0x0000016cccefd690 code [0x0000016cccefdaa0, 0x0000016ccceffb20]
Event: 452.310 Thread 0x0000016ce244d300 nmethod 34481 0x0000016cd3c5fe10 code [0x0000016cd3c5ffa0, 0x0000016cd3c60028]
Event: 452.311 Thread 0x0000016ce2486000 34483       3       com.android.tools.r8.synthesis.z$$Lambda/0x00000008018df050::accept (20 bytes)
Event: 452.311 Thread 0x0000016ce244d300 34484       4       com.android.tools.r8.internal.KC::containsKey (12 bytes)
Event: 452.311 Thread 0x0000016ce2486000 nmethod 34483 0x0000016ccc2f9010 code [0x0000016ccc2f9220, 0x0000016ccc2f9a90]
Event: 452.311 Thread 0x0000016ce2486000 34482       3       com.android.tools.r8.synthesis.z::a (31 bytes)
Event: 452.312 Thread 0x0000016ce2486000 nmethod 34482 0x0000016ccc4a1290 code [0x0000016ccc4a14a0, 0x0000016ccc4a1ba0]
Event: 452.315 Thread 0x0000016ce244d300 nmethod 34484 0x0000016cd3990110 code [0x0000016cd39902c0, 0x0000016cd3990568]
Event: 452.362 Thread 0x0000016ce2486000 34485   !   3       com.google.common.collect.MapMakerInternalMap$Segment::get (58 bytes)
Event: 452.363 Thread 0x0000016ce2486000 nmethod 34485 0x0000016ccc073590 code [0x0000016ccc0738a0, 0x0000016ccc074e00]
Event: 453.644 Thread 0x0000016ce2486000 34486       3       com.intellij.diagnostic.LoadingState::checkOccurred (38 bytes)
Event: 453.645 Thread 0x0000016ce2486000 nmethod 34486 0x0000016ccc9ef890 code [0x0000016ccc9efa80, 0x0000016ccc9efe58]
Event: 453.646 Thread 0x0000016ce2486000 34487       1       com.intellij.psi.tree.IElementType::getIndex (5 bytes)
Event: 453.646 Thread 0x0000016ce2486000 nmethod 34487 0x0000016cd3c60a10 code [0x0000016cd3c60ba0, 0x0000016cd3c60c70]

GC Heap History (20 events):
Event: 441.870 GC heap before
{Heap before GC invocations=107 (full 0):
 garbage-first heap   total 960512K, used 670720K [0x0000000700000000, 0x0000000800000000)
  region size 2048K, 59 young (120832K), 11 survivors (22528K)
 Metaspace       used 229261K, committed 231872K, reserved 1310720K
  class space    used 29375K, committed 30720K, reserved 1048576K
}
Event: 442.033 GC heap after
{Heap after GC invocations=108 (full 0):
 garbage-first heap   total 960512K, used 623616K [0x0000000700000000, 0x0000000800000000)
  region size 2048K, 8 young (16384K), 8 survivors (16384K)
 Metaspace       used 229261K, committed 231872K, reserved 1310720K
  class space    used 29375K, committed 30720K, reserved 1048576K
}
Event: 443.763 GC heap before
{Heap before GC invocations=108 (full 0):
 garbage-first heap   total 960512K, used 795648K [0x0000000700000000, 0x0000000800000000)
  region size 2048K, 92 young (188416K), 8 survivors (16384K)
 Metaspace       used 230328K, committed 232960K, reserved 1310720K
  class space    used 29513K, committed 30848K, reserved 1048576K
}
Event: 443.975 GC heap after
{Heap after GC invocations=109 (full 0):
 garbage-first heap   total 960512K, used 718848K [0x0000000700000000, 0x0000000800000000)
  region size 2048K, 12 young (24576K), 12 survivors (24576K)
 Metaspace       used 230328K, committed 232960K, reserved 1310720K
  class space    used 29513K, committed 30848K, reserved 1048576K
}
Event: 445.995 GC heap before
{Heap before GC invocations=109 (full 0):
 garbage-first heap   total 960512K, used 835584K [0x0000000700000000, 0x0000000800000000)
  region size 2048K, 67 young (137216K), 12 survivors (24576K)
 Metaspace       used 230948K, committed 233600K, reserved 1310720K
  class space    used 29547K, committed 30848K, reserved 1048576K
}
Event: 446.125 GC heap after
{Heap after GC invocations=110 (full 0):
 garbage-first heap   total 960512K, used 766976K [0x0000000700000000, 0x0000000800000000)
  region size 2048K, 9 young (18432K), 9 survivors (18432K)
 Metaspace       used 230948K, committed 233600K, reserved 1310720K
  class space    used 29547K, committed 30848K, reserved 1048576K
}
Event: 446.246 GC heap before
{Heap before GC invocations=110 (full 0):
 garbage-first heap   total 960512K, used 777216K [0x0000000700000000, 0x0000000800000000)
  region size 2048K, 15 young (30720K), 9 survivors (18432K)
 Metaspace       used 230948K, committed 233600K, reserved 1310720K
  class space    used 29547K, committed 30848K, reserved 1048576K
}
Event: 446.570 GC heap after
{Heap after GC invocations=111 (full 0):
 garbage-first heap   total 1607680K, used 774033K [0x0000000700000000, 0x0000000800000000)
  region size 2048K, 3 young (6144K), 3 survivors (6144K)
 Metaspace       used 230948K, committed 233600K, reserved 1310720K
  class space    used 29547K, committed 30848K, reserved 1048576K
}
Event: 447.766 GC heap before
{Heap before GC invocations=111 (full 0):
 garbage-first heap   total 1607680K, used 849809K [0x0000000700000000, 0x0000000800000000)
  region size 2048K, 39 young (79872K), 3 survivors (6144K)
 Metaspace       used 231148K, committed 233728K, reserved 1310720K
  class space    used 29558K, committed 30848K, reserved 1048576K
}
Event: 447.803 GC heap after
{Heap after GC invocations=112 (full 0):
 garbage-first heap   total 1607680K, used 782336K [0x0000000700000000, 0x0000000800000000)
  region size 2048K, 5 young (10240K), 5 survivors (10240K)
 Metaspace       used 231148K, committed 233728K, reserved 1310720K
  class space    used 29558K, committed 30848K, reserved 1048576K
}
Event: 448.096 GC heap before
{Heap before GC invocations=112 (full 0):
 garbage-first heap   total 1607680K, used 854016K [0x0000000700000000, 0x0000000800000000)
  region size 2048K, 40 young (81920K), 5 survivors (10240K)
 Metaspace       used 231148K, committed 233728K, reserved 1310720K
  class space    used 29558K, committed 30848K, reserved 1048576K
}
Event: 448.128 GC heap after
{Heap after GC invocations=113 (full 0):
 garbage-first heap   total 1607680K, used 792931K [0x0000000700000000, 0x0000000800000000)
  region size 2048K, 5 young (10240K), 5 survivors (10240K)
 Metaspace       used 231148K, committed 233728K, reserved 1310720K
  class space    used 29558K, committed 30848K, reserved 1048576K
}
Event: 448.283 GC heap before
{Heap before GC invocations=113 (full 0):
 garbage-first heap   total 1607680K, used 909667K [0x0000000700000000, 0x0000000800000000)
  region size 2048K, 62 young (126976K), 5 survivors (10240K)
 Metaspace       used 231158K, committed 233728K, reserved 1310720K
  class space    used 29558K, committed 30848K, reserved 1048576K
}
Event: 448.298 GC heap after
{Heap after GC invocations=114 (full 0):
 garbage-first heap   total 1607680K, used 801695K [0x0000000700000000, 0x0000000800000000)
  region size 2048K, 8 young (16384K), 8 survivors (16384K)
 Metaspace       used 231158K, committed 233728K, reserved 1310720K
  class space    used 29558K, committed 30848K, reserved 1048576K
}
Event: 449.939 GC heap before
{Heap before GC invocations=114 (full 0):
 garbage-first heap   total 1607680K, used 881567K [0x0000000700000000, 0x0000000800000000)
  region size 2048K, 81 young (165888K), 8 survivors (16384K)
 Metaspace       used 233182K, committed 235776K, reserved 1310720K
  class space    used 29983K, committed 31296K, reserved 1048576K
}
Event: 450.004 GC heap after
{Heap after GC invocations=115 (full 0):
 garbage-first heap   total 1607680K, used 748603K [0x0000000700000000, 0x0000000800000000)
  region size 2048K, 11 young (22528K), 11 survivors (22528K)
 Metaspace       used 233182K, committed 235776K, reserved 1310720K
  class space    used 29983K, committed 31296K, reserved 1048576K
}
Event: 451.251 GC heap before
{Heap before GC invocations=116 (full 0):
 garbage-first heap   total 1607680K, used 906299K [0x0000000700000000, 0x0000000800000000)
  region size 2048K, 88 young (180224K), 11 survivors (22528K)
 Metaspace       used 233873K, committed 236480K, reserved 1310720K
  class space    used 30187K, committed 31488K, reserved 1048576K
}
Event: 451.285 GC heap after
{Heap after GC invocations=117 (full 0):
 garbage-first heap   total 1607680K, used 768000K [0x0000000700000000, 0x0000000800000000)
  region size 2048K, 9 young (18432K), 9 survivors (18432K)
 Metaspace       used 233873K, committed 236480K, reserved 1310720K
  class space    used 30187K, committed 31488K, reserved 1048576K
}
Event: 452.116 GC heap before
{Heap before GC invocations=117 (full 0):
 garbage-first heap   total 1607680K, used 980992K [0x0000000700000000, 0x0000000800000000)
  region size 2048K, 112 young (229376K), 9 survivors (18432K)
 Metaspace       used 234627K, committed 237184K, reserved 1310720K
  class space    used 30253K, committed 31552K, reserved 1048576K
}
Event: 452.187 GC heap after
{Heap after GC invocations=118 (full 0):
 garbage-first heap   total 1607680K, used 777634K [0x0000000700000000, 0x0000000800000000)
  region size 2048K, 13 young (26624K), 13 survivors (26624K)
 Metaspace       used 234627K, committed 237184K, reserved 1310720K
  class space    used 30253K, committed 31552K, reserved 1048576K
}

Dll operation events (3 events):
Event: 0.018 Loaded shared library C:\Program Files\Android\Android Studio\jbr\bin\java.dll
Event: 0.027 Loaded shared library C:\Program Files\Android\Android Studio\jbr\bin\zip.dll
Event: 1.165 Loaded shared library C:\Program Files\Android\Android Studio\jbr\bin\verify.dll

Deoptimization events (20 events):
Event: 449.153 Thread 0x0000016ceb417bc0 Uncommon trap: trap_request=0xffffff45 fr.pc=0x0000016cd40272e4 relative=0x0000000000000424
Event: 449.153 Thread 0x0000016ceb417bc0 Uncommon trap: reason=unstable_if action=reinterpret pc=0x0000016cd40272e4 method=java.util.concurrent.ConcurrentHashMap$Traverser.advance()Ljava/util/concurrent/ConcurrentHashMap$Node; @ 84 c2
Event: 449.153 Thread 0x0000016ceb417bc0 DEOPT PACKING pc=0x0000016cd40272e4 sp=0x0000005b1fbfd8d0
Event: 449.153 Thread 0x0000016ceb417bc0 DEOPT UNPACKING pc=0x0000016cd33346a2 sp=0x0000005b1fbfd808 mode 2
Event: 449.308 Thread 0x0000016ceb417bc0 DEOPT PACKING pc=0x0000016ccbe6b4f6 sp=0x0000005b1fbfda00
Event: 449.308 Thread 0x0000016ceb417bc0 DEOPT UNPACKING pc=0x0000016cd3334e42 sp=0x0000005b1fbfcf18 mode 0
Event: 449.362 Thread 0x0000016ceb417bc0 DEOPT PACKING pc=0x0000016ccc484f05 sp=0x0000005b1fbfd920
Event: 449.362 Thread 0x0000016ceb417bc0 DEOPT UNPACKING pc=0x0000016cd3334e42 sp=0x0000005b1fbfce48 mode 0
Event: 451.147 Thread 0x0000016cf345b470 DEOPT PACKING pc=0x0000016ccc1c6682 sp=0x0000005b206fd2d0
Event: 451.147 Thread 0x0000016cf345b470 DEOPT UNPACKING pc=0x0000016cd3334e42 sp=0x0000005b206fc820 mode 0
Event: 451.204 Thread 0x0000016ce963e920 DEOPT PACKING pc=0x0000016ccc1c6682 sp=0x0000005b1f7fd3a0
Event: 451.204 Thread 0x0000016ce963e920 DEOPT UNPACKING pc=0x0000016cd3334e42 sp=0x0000005b1f7fc8f0 mode 0
Event: 452.234 Thread 0x0000016cf345b470 Uncommon trap: trap_request=0xffffff45 fr.pc=0x0000016cd4a1d4b8 relative=0x0000000000002998
Event: 452.234 Thread 0x0000016cf345b470 Uncommon trap: reason=unstable_if action=reinterpret pc=0x0000016cd4a1d4b8 method=sun.reflect.annotation.AnnotationType.getInstance(Ljava/lang/Class;)Lsun/reflect/annotation/AnnotationType; @ 34 c2
Event: 452.234 Thread 0x0000016cf345b470 DEOPT PACKING pc=0x0000016cd4a1d4b8 sp=0x0000005b206fc570
Event: 452.234 Thread 0x0000016cf345b470 DEOPT UNPACKING pc=0x0000016cd33346a2 sp=0x0000005b206fc4b0 mode 2
Event: 452.237 Thread 0x0000016cf345b470 Uncommon trap: trap_request=0xffffff45 fr.pc=0x0000016cd3c90dfc relative=0x000000000000053c
Event: 452.237 Thread 0x0000016cf345b470 Uncommon trap: reason=unstable_if action=reinterpret pc=0x0000016cd3c90dfc method=jdk.internal.loader.AbstractClassLoaderValue.extractValue(Ljava/lang/Object;)Ljava/lang/Object; @ 4 c2
Event: 452.237 Thread 0x0000016cf345b470 DEOPT PACKING pc=0x0000016cd3c90dfc sp=0x0000005b206fc270
Event: 452.237 Thread 0x0000016cf345b470 DEOPT UNPACKING pc=0x0000016cd33346a2 sp=0x0000005b206fc1c0 mode 2

Classes loaded (20 events):
Event: 425.697 Loading class java/util/concurrent/atomic/AtomicIntegerFieldUpdater$AtomicIntegerFieldUpdaterImpl$1
Event: 425.698 Loading class java/util/concurrent/atomic/AtomicIntegerFieldUpdater$AtomicIntegerFieldUpdaterImpl$1 done
Event: 427.815 Loading class javax/xml/stream/Location
Event: 427.822 Loading class javax/xml/stream/Location done
Event: 427.879 Loading class javax/xml/stream/XMLStreamConstants
Event: 427.879 Loading class javax/xml/stream/XMLStreamConstants done
Event: 428.012 Loading class javax/xml/stream/XMLStreamReader
Event: 428.012 Loading class javax/xml/stream/XMLStreamReader done
Event: 442.542 Loading class java/util/concurrent/locks/ReentrantReadWriteLock$Sync$HoldCounter
Event: 442.583 Loading class java/util/concurrent/locks/ReentrantReadWriteLock$Sync$HoldCounter done
Event: 444.288 Loading class java/nio/file/attribute/UserPrincipalLookupService
Event: 444.289 Loading class java/nio/file/attribute/UserPrincipalLookupService done
Event: 448.699 Loading class java/nio/file/FileSystemLoopException
Event: 448.699 Loading class java/nio/file/FileSystemLoopException done
Event: 452.079 Loading class sun/nio/cs/UTF_32BE
Event: 452.083 Loading class sun/nio/cs/UTF_32BE done
Event: 452.188 Loading class sun/nio/cs/UTF_32LE
Event: 452.188 Loading class sun/nio/cs/UTF_32LE done
Event: 452.188 Loading class sun/nio/cs/MS1251
Event: 452.194 Loading class sun/nio/cs/MS1251 done

Classes unloaded (20 events):
Event: 413.890 Thread 0x0000016ce22bdae0 Unloading class 0x000000080199f130 'jdk/internal/jimage/BasicImageReader$2'
Event: 413.890 Thread 0x0000016ce22bdae0 Unloading class 0x000000080199eee8 'jdk/internal/jimage/BasicImageReader$1'
Event: 413.890 Thread 0x0000016ce22bdae0 Unloading class 0x000000080199ec68 'jdk/internal/jimage/ImageReader$Resource'
Event: 413.890 Thread 0x0000016ce22bdae0 Unloading class 0x000000080199e9e8 'jdk/internal/jimage/ImageReader$LinkNode'
Event: 413.890 Thread 0x0000016ce22bdae0 Unloading class 0x000000080199e768 'jdk/internal/jimage/ImageReader$Directory'
Event: 413.890 Thread 0x0000016ce22bdae0 Unloading class 0x000000080199e4e8 'jdk/internal/jimage/ImageReader$Node'
Event: 413.890 Thread 0x0000016ce22bdae0 Unloading class 0x000000080199e2d8 'jdk/internal/jimage/ImageStrings'
Event: 413.890 Thread 0x0000016ce22bdae0 Unloading class 0x000000080199e000 'jdk/internal/jimage/ImageReader$SharedImageReader'
Event: 413.890 Thread 0x0000016ce22bdae0 Unloading class 0x000000080199db40 'jdk/internal/jimage/BasicImageReader'
Event: 413.890 Thread 0x0000016ce22bdae0 Unloading class 0x000000080199d908 'jdk/internal/jimage/ImageReader'
Event: 413.890 Thread 0x0000016ce22bdae0 Unloading class 0x000000080199d6c8 'jdk/internal/jrtfs/SystemImage$2'
Event: 413.890 Thread 0x0000016ce22bdae0 Unloading class 0x000000080199d498 'jdk/internal/jrtfs/SystemImage$$Lambda+0x000000080199d498'
Event: 413.890 Thread 0x0000016ce22bdae0 Unloading class 0x000000080199d250 'jdk/internal/jrtfs/ExplodedImage'
Event: 413.890 Thread 0x0000016ce22bdae0 Unloading class 0x000000080199d000 'jdk/internal/jrtfs/SystemImage$1'
Event: 413.890 Thread 0x0000016ce22bdae0 Unloading class 0x000000080199cc20 'jdk/internal/jrtfs/SystemImage'
Event: 413.890 Thread 0x0000016ce22bdae0 Unloading class 0x000000080199c9a8 'jdk/internal/jrtfs/JrtFileStore'
Event: 413.890 Thread 0x0000016ce22bdae0 Unloading class 0x000000080199c618 'jdk/internal/jrtfs/JrtPath'
Event: 413.890 Thread 0x0000016ce22bdae0 Unloading class 0x000000080199c308 'jdk/internal/jrtfs/JrtFileSystem'
Event: 413.890 Thread 0x0000016ce22bdae0 Unloading class 0x000000080199c000 'jdk/internal/jrtfs/JrtFileSystemProvider'
Event: 439.838 Thread 0x0000016ce22bdae0 Unloading class 0x0000000801bec400 'java/lang/invoke/LambdaForm$DMH+0x0000000801bec400'

Classes redefined (0 events):
No events

Internal exceptions (20 events):
Event: 443.637 Thread 0x0000016cf345b470 Exception <a 'sun/nio/fs/WindowsException'{0x000000072f76d268}> (0x000000072f76d268) 
thrown [s\src\hotspot\share\prims\jni.cpp, line 535]
Event: 443.639 Thread 0x0000016ce963e920 Exception <a 'sun/nio/fs/WindowsException'{0x000000072fcbcef8}> (0x000000072fcbcef8) 
thrown [s\src\hotspot\share\prims\jni.cpp, line 535]
Event: 443.639 Thread 0x0000016ce963e920 Exception <a 'sun/nio/fs/WindowsException'{0x000000072fcbd700}> (0x000000072fcbd700) 
thrown [s\src\hotspot\share\prims\jni.cpp, line 535]
Event: 443.639 Thread 0x0000016ce963e920 Exception <a 'sun/nio/fs/WindowsException'{0x000000072fcbdfc8}> (0x000000072fcbdfc8) 
thrown [s\src\hotspot\share\prims\jni.cpp, line 535]
Event: 443.640 Thread 0x0000016ce963e920 Exception <a 'sun/nio/fs/WindowsException'{0x000000072fcbe918}> (0x000000072fcbe918) 
thrown [s\src\hotspot\share\prims\jni.cpp, line 535]
Event: 443.642 Thread 0x0000016cf345b470 Exception <a 'sun/nio/fs/WindowsException'{0x000000072f76e6a0}> (0x000000072f76e6a0) 
thrown [s\src\hotspot\share\prims\jni.cpp, line 535]
Event: 443.642 Thread 0x0000016cf345b470 Exception <a 'sun/nio/fs/WindowsException'{0x000000072f76ee98}> (0x000000072f76ee98) 
thrown [s\src\hotspot\share\prims\jni.cpp, line 535]
Event: 443.642 Thread 0x0000016cf345b470 Exception <a 'sun/nio/fs/WindowsException'{0x000000072f76f738}> (0x000000072f76f738) 
thrown [s\src\hotspot\share\prims\jni.cpp, line 535]
Event: 443.643 Thread 0x0000016cf345b470 Exception <a 'sun/nio/fs/WindowsException'{0x000000072f770068}> (0x000000072f770068) 
thrown [s\src\hotspot\share\prims\jni.cpp, line 535]
Event: 443.643 Thread 0x0000016ce963e920 Exception <a 'sun/nio/fs/WindowsException'{0x000000072fcbf2c8}> (0x000000072fcbf2c8) 
thrown [s\src\hotspot\share\prims\jni.cpp, line 535]
Event: 443.644 Thread 0x0000016ce963e920 Exception <a 'sun/nio/fs/WindowsException'{0x000000072fcc0320}> (0x000000072fcc0320) 
thrown [s\src\hotspot\share\prims\jni.cpp, line 535]
Event: 443.645 Thread 0x0000016cf345b470 Exception <a 'sun/nio/fs/WindowsException'{0x000000072f7709f8}> (0x000000072f7709f8) 
thrown [s\src\hotspot\share\prims\jni.cpp, line 535]
Event: 443.647 Thread 0x0000016cf345b470 Exception <a 'sun/nio/fs/WindowsException'{0x000000072f771a18}> (0x000000072f771a18) 
thrown [s\src\hotspot\share\prims\jni.cpp, line 535]
Event: 443.689 Thread 0x0000016ce963e920 Exception <a 'sun/nio/fs/WindowsException'{0x000000072fcce788}> (0x000000072fcce788) 
thrown [s\src\hotspot\share\prims\jni.cpp, line 535]
Event: 443.694 Thread 0x0000016ce963e920 Exception <a 'sun/nio/fs/WindowsException'{0x000000072fccf330}> (0x000000072fccf330) 
thrown [s\src\hotspot\share\prims\jni.cpp, line 535]
Event: 443.695 Thread 0x0000016cf345b470 Exception <a 'sun/nio/fs/WindowsException'{0x000000072f251088}> (0x000000072f251088) 
thrown [s\src\hotspot\share\prims\jni.cpp, line 535]
Event: 443.695 Thread 0x0000016cf345b470 Exception <a 'sun/nio/fs/WindowsException'{0x000000072f251c28}> (0x000000072f251c28) 
thrown [s\src\hotspot\share\prims\jni.cpp, line 535]
Event: 448.709 Thread 0x0000016ce963e920 Exception <a 'java/lang/IncompatibleClassChangeError'{0x0000000758971e48}: Found class java.lang.Object, but interface was expected> (0x0000000758971e48) 
thrown [s\src\hotspot\share\interpreter\linkResolver.cpp, line 851]
Event: 448.719 Thread 0x0000016ceb417bc0 Exception <a 'java/lang/NoSuchMethodError'{0x000000075861e048}: 'java.lang.Object java.lang.invoke.DirectMethodHandle$Holder.newInvokeSpecial(java.lang.Object, int, java.lang.Object, java.lang.Object, java.lang.Object)'> (0x000000075861e048) 
thrown [s\src\hotspot\share\interpreter\linkResolver.cpp, line 784]
Event: 449.024 Thread 0x0000016ce963e920 Implicit null exception at 0x0000016cd3e07344 to 0x0000016cd3e074a4

ZGC Phase Switch (0 events):
No events

VM Operations (20 events):
Event: 447.803 Executing VM operation: G1CollectForAllocation (G1 Evacuation Pause) done
Event: 448.096 Executing VM operation: G1CollectForAllocation (G1 Evacuation Pause)
Event: 448.128 Executing VM operation: G1CollectForAllocation (G1 Evacuation Pause) done
Event: 448.283 Executing VM operation: G1CollectForAllocation (G1 Evacuation Pause)
Event: 448.298 Executing VM operation: G1CollectForAllocation (G1 Evacuation Pause) done
Event: 449.094 Executing VM operation: G1PauseRemark
Event: 449.131 Executing VM operation: G1PauseRemark done
Event: 449.938 Executing VM operation: G1CollectForAllocation (G1 Evacuation Pause)
Event: 450.004 Executing VM operation: G1CollectForAllocation (G1 Evacuation Pause) done
Event: 450.881 Executing VM operation: G1PauseCleanup
Event: 450.904 Executing VM operation: G1PauseCleanup done
Event: 451.246 Executing VM operation: G1CollectForAllocation (G1 Evacuation Pause)
Event: 451.285 Executing VM operation: G1CollectForAllocation (G1 Evacuation Pause) done
Event: 451.990 Executing VM operation: HandshakeAllThreads (Deoptimize)
Event: 451.990 Executing VM operation: HandshakeAllThreads (Deoptimize) done
Event: 452.100 Executing VM operation: G1CollectForAllocation (G1 Evacuation Pause)
Event: 452.187 Executing VM operation: G1CollectForAllocation (G1 Evacuation Pause) done
Event: 453.191 Executing VM operation: Cleanup
Event: 453.582 Executing VM operation: Cleanup done
Event: 455.599 Executing VM operation: Cleanup

Memory protections (0 events):
No events

Nmethod flushes (20 events):
Event: 449.128 Thread 0x0000016ce22bdae0 flushing  nmethod 0x0000016ccd40a890
Event: 449.128 Thread 0x0000016ce22bdae0 flushing osr nmethod 0x0000016ccd410310
Event: 449.128 Thread 0x0000016ce22bdae0 flushing  nmethod 0x0000016ccd426410
Event: 449.128 Thread 0x0000016ce22bdae0 flushing  nmethod 0x0000016ccd47c710
Event: 449.128 Thread 0x0000016ce22bdae0 flushing  nmethod 0x0000016ccd482c10
Event: 449.128 Thread 0x0000016ce22bdae0 flushing  nmethod 0x0000016ccd4de390
Event: 449.128 Thread 0x0000016ce22bdae0 flushing  nmethod 0x0000016ccd543b90
Event: 449.128 Thread 0x0000016ce22bdae0 flushing  nmethod 0x0000016ccd5f6d10
Event: 449.128 Thread 0x0000016ce22bdae0 flushing  nmethod 0x0000016ccd818210
Event: 449.128 Thread 0x0000016ce22bdae0 flushing  nmethod 0x0000016ccd85ad90
Event: 449.128 Thread 0x0000016ce22bdae0 flushing  nmethod 0x0000016ccd8df510
Event: 449.128 Thread 0x0000016ce22bdae0 flushing  nmethod 0x0000016ccd8eb310
Event: 449.128 Thread 0x0000016ce22bdae0 flushing  nmethod 0x0000016ccdeeac90
Event: 449.128 Thread 0x0000016ce22bdae0 flushing  nmethod 0x0000016cce46d890
Event: 449.128 Thread 0x0000016ce22bdae0 flushing  nmethod 0x0000016cce46ea90
Event: 449.128 Thread 0x0000016ce22bdae0 flushing  nmethod 0x0000016cce46ee10
Event: 449.128 Thread 0x0000016ce22bdae0 flushing  nmethod 0x0000016cce46f190
Event: 449.128 Thread 0x0000016ce22bdae0 flushing  nmethod 0x0000016cce71af90
Event: 449.128 Thread 0x0000016ce22bdae0 flushing  nmethod 0x0000016cce71c390
Event: 449.128 Thread 0x0000016ce22bdae0 flushing  nmethod 0x0000016cce776810

Events (20 events):
Event: 425.899 Thread 0x0000016ce2486000 Thread added: 0x0000016ce98e0e10
Event: 427.771 Thread 0x0000016ce98e0e10 Thread exited: 0x0000016ce98e0e10
Event: 427.827 Thread 0x0000016ce2486000 Thread added: 0x0000016ce98e0e10
Event: 432.149 Thread 0x0000016cf345b470 Thread added: 0x0000016cf2c39670
Event: 432.150 Thread 0x0000016ce963e920 Thread added: 0x0000016cf2c3e530
Event: 432.150 Thread 0x0000016cf345b470 Thread added: 0x0000016cf2c3ebc0
Event: 434.095 Thread 0x0000016cf2c3e530 Thread added: 0x0000016cf2c3d180
Event: 435.624 Thread 0x0000016ce98e0e10 Thread exited: 0x0000016ce98e0e10
Event: 440.224 Thread 0x0000016ce2486000 Thread added: 0x0000016cfc038800
Event: 440.698 Thread 0x0000016cfc038800 Thread exited: 0x0000016cfc038800
Event: 443.021 Thread 0x0000016ce2486000 Thread added: 0x0000016cfc037a60
Event: 443.585 Thread 0x0000016cfc037a60 Thread exited: 0x0000016cfc037a60
Event: 445.596 Thread 0x0000016ce2486000 Thread added: 0x0000016cfc037a60
Event: 446.637 Thread 0x0000016cfc037a60 Thread exited: 0x0000016cfc037a60
Event: 446.967 Thread 0x0000016ce2486000 Thread added: 0x0000016cfc037a60
Event: 447.548 Thread 0x0000016cfc037a60 Thread exited: 0x0000016cfc037a60
Event: 448.412 Thread 0x0000016ce244d300 Thread added: 0x0000016cfc0365f0
Event: 448.672 Thread 0x0000016cfc0365f0 Thread exited: 0x0000016cfc0365f0
Event: 451.230 Thread 0x0000016ce2486000 Thread added: 0x0000016cfc035f20
Event: 452.208 Thread 0x0000016cfc035f20 Thread exited: 0x0000016cfc035f20


Dynamic libraries:
0x00007ff6753d0000 - 0x00007ff6753da000 	C:\Program Files\Android\Android Studio\jbr\bin\java.exe
0x00007ffa8b600000 - 0x00007ffa8b868000 	C:\WINDOWS\SYSTEM32\ntdll.dll
0x00007ffa89840000 - 0x00007ffa89909000 	C:\WINDOWS\System32\KERNEL32.DLL
0x00007ffa88750000 - 0x00007ffa88b48000 	C:\WINDOWS\System32\KERNELBASE.dll
0x00007ffa88f20000 - 0x00007ffa8906b000 	C:\WINDOWS\System32\ucrtbase.dll
0x00007ffa4f790000 - 0x00007ffa4f7ab000 	C:\Program Files\Android\Android Studio\jbr\bin\VCRUNTIME140.dll
0x00007ffa44bc0000 - 0x00007ffa44bd8000 	C:\Program Files\Android\Android Studio\jbr\bin\jli.dll
0x00007ffa89b00000 - 0x00007ffa89cc7000 	C:\WINDOWS\System32\USER32.dll
0x00007ffa73700000 - 0x00007ffa73994000 	C:\WINDOWS\WinSxS\amd64_microsoft.windows.common-controls_6595b64144ccf1df_6.0.26100.7019_none_3e06ffa0e335b8a8\COMCTL32.dll
0x00007ffa89910000 - 0x00007ffa899b9000 	C:\WINDOWS\System32\msvcrt.dll
0x00007ffa88d70000 - 0x00007ffa88d97000 	C:\WINDOWS\System32\win32u.dll
0x00007ffa8a250000 - 0x00007ffa8a27b000 	C:\WINDOWS\System32\GDI32.dll
0x00007ffa891c0000 - 0x00007ffa892ec000 	C:\WINDOWS\System32\gdi32full.dll
0x00007ffa892f0000 - 0x00007ffa89393000 	C:\WINDOWS\System32\msvcp_win.dll
0x00007ffa894b0000 - 0x00007ffa894e1000 	C:\WINDOWS\System32\IMM32.DLL
0x00007ffa81ba0000 - 0x00007ffa81bac000 	C:\Program Files\Android\Android Studio\jbr\bin\vcruntime140_1.dll
0x00007ff9e07e0000 - 0x00007ff9e086d000 	C:\Program Files\Android\Android Studio\jbr\bin\msvcp140.dll
0x00007ff9c3430000 - 0x00007ff9c40bb000 	C:\Program Files\Android\Android Studio\jbr\bin\server\jvm.dll
0x00007ffa8b170000 - 0x00007ffa8b224000 	C:\WINDOWS\System32\ADVAPI32.dll
0x00007ffa8ada0000 - 0x00007ffa8ae46000 	C:\WINDOWS\System32\sechost.dll
0x00007ffa8a280000 - 0x00007ffa8a398000 	C:\WINDOWS\System32\RPCRT4.dll
0x00007ffa8aca0000 - 0x00007ffa8ad14000 	C:\WINDOWS\System32\WS2_32.dll
0x00007ffa885b0000 - 0x00007ffa8860e000 	C:\WINDOWS\SYSTEM32\POWRPROF.dll
0x00007ffa71c40000 - 0x00007ffa71c75000 	C:\WINDOWS\SYSTEM32\WINMM.dll
0x00007ffa85bd0000 - 0x00007ffa85bdb000 	C:\WINDOWS\SYSTEM32\VERSION.dll
0x00007ffa88590000 - 0x00007ffa885a4000 	C:\WINDOWS\SYSTEM32\UMPDC.dll
0x00007ffa87510000 - 0x00007ffa8752b000 	C:\WINDOWS\SYSTEM32\kernel.appcore.dll
0x00007ffa51360000 - 0x00007ffa5136a000 	C:\Program Files\Android\Android Studio\jbr\bin\jimage.dll
0x00007ffa85dd0000 - 0x00007ffa86012000 	C:\WINDOWS\SYSTEM32\DBGHELP.DLL
0x00007ffa8b230000 - 0x00007ffa8b5bb000 	C:\WINDOWS\System32\combase.dll
0x00007ffa89a10000 - 0x00007ffa89ae7000 	C:\WINDOWS\System32\OLEAUT32.dll
0x00007ffa5fae0000 - 0x00007ffa5fb1c000 	C:\WINDOWS\SYSTEM32\dbgcore.DLL
0x00007ffa88b50000 - 0x00007ffa88bf5000 	C:\WINDOWS\System32\bcryptPrimitives.dll
0x00007ffa51b70000 - 0x00007ffa51b7e000 	C:\Program Files\Android\Android Studio\jbr\bin\instrument.dll
0x00007ffa4b390000 - 0x00007ffa4b3b0000 	C:\Program Files\Android\Android Studio\jbr\bin\java.dll
0x00007ffa4b370000 - 0x00007ffa4b388000 	C:\Program Files\Android\Android Studio\jbr\bin\zip.dll
0x00007ffa8a540000 - 0x00007ffa8ac8f000 	C:\WINDOWS\System32\SHELL32.dll
0x00007ffa88c00000 - 0x00007ffa88d6b000 	C:\WINDOWS\System32\wintypes.dll
0x00007ffa86390000 - 0x00007ffa86bed000 	C:\WINDOWS\SYSTEM32\windows.storage.dll
0x00007ffa8b030000 - 0x00007ffa8b122000 	C:\WINDOWS\System32\SHCORE.dll
0x00007ffa8ae50000 - 0x00007ffa8aeb7000 	C:\WINDOWS\System32\shlwapi.dll
0x00007ffa88670000 - 0x00007ffa88699000 	C:\WINDOWS\SYSTEM32\profapi.dll
0x00007ffa4bb80000 - 0x00007ffa4bb90000 	C:\Program Files\Android\Android Studio\jbr\bin\net.dll
0x00007ffa79e60000 - 0x00007ffa79f88000 	C:\WINDOWS\SYSTEM32\WINHTTP.dll
0x00007ffa87a80000 - 0x00007ffa87aeb000 	C:\WINDOWS\system32\mswsock.dll
0x00007ffa4b350000 - 0x00007ffa4b366000 	C:\Program Files\Android\Android Studio\jbr\bin\nio.dll
0x00007ffa4b1a0000 - 0x00007ffa4b1b0000 	C:\Program Files\Android\Android Studio\jbr\bin\verify.dll
0x00007ffa50560000 - 0x00007ffa50587000 	C:\Users\past9\.gradle\native\1def1411415f61bf3af743bc5b6707747c0891f09f0c88961ee8f79bc544acac\windows-amd64\native-platform.dll
0x00007ffa4b7b0000 - 0x00007ffa4b828000 	C:\Users\past9\.gradle\native\0.2.7\x86_64-windows-gnu\gradle-fileevents.dll
0x00007ffa4b520000 - 0x00007ffa4b529000 	C:\Program Files\Android\Android Studio\jbr\bin\management.dll
0x00007ffa4b4d0000 - 0x00007ffa4b4db000 	C:\Program Files\Android\Android Studio\jbr\bin\management_ext.dll
0x00007ffa8a1e0000 - 0x00007ffa8a1e8000 	C:\WINDOWS\System32\PSAPI.DLL
0x00007ffa86fd0000 - 0x00007ffa87004000 	C:\WINDOWS\SYSTEM32\IPHLPAPI.DLL
0x00007ffa89af0000 - 0x00007ffa89afa000 	C:\WINDOWS\System32\NSI.dll
0x00007ffa4b600000 - 0x00007ffa4b609000 	C:\Program Files\Android\Android Studio\jbr\bin\extnet.dll
0x00007ffa87d40000 - 0x00007ffa87d5b000 	C:\WINDOWS\SYSTEM32\CRYPTSP.dll
0x00007ffa87470000 - 0x00007ffa874aa000 	C:\WINDOWS\system32\rsaenh.dll
0x00007ffa87b30000 - 0x00007ffa87b5b000 	C:\WINDOWS\SYSTEM32\USERENV.dll
0x00007ffa88640000 - 0x00007ffa8866a000 	C:\WINDOWS\SYSTEM32\bcrypt.dll
0x00007ffa87d60000 - 0x00007ffa87d6c000 	C:\WINDOWS\SYSTEM32\CRYPTBASE.dll
0x00007ffa126f0000 - 0x00007ffa126f8000 	C:\WINDOWS\system32\wshunix.dll
0x00007ffa870b0000 - 0x00007ffa871dc000 	C:\WINDOWS\SYSTEM32\DNSAPI.dll
0x00007ffa79fb0000 - 0x00007ffa79fbb000 	C:\Windows\System32\rasadhlp.dll
0x00007ffa7ac40000 - 0x00007ffa7acc6000 	C:\WINDOWS\System32\fwpuclnt.dll
0x00007ffa12750000 - 0x00007ffa12768000 	C:\WINDOWS\system32\napinsp.dll
0x00007ffa12730000 - 0x00007ffa12742000 	C:\WINDOWS\System32\winrnr.dll
0x00007ffa12700000 - 0x00007ffa12722000 	C:\WINDOWS\system32\nlansp_c.dll
0x00007ffa4a340000 - 0x00007ffa4a356000 	C:\WINDOWS\system32\wshbth.dll
0x00007ffa5fd00000 - 0x00007ffa5fd07000 	C:\Program Files\Android\Android Studio\jbr\bin\rmi.dll
0x00007ffa87630000 - 0x00007ffa87666000 	C:\WINDOWS\SYSTEM32\ntmarta.dll
0x00007ff9de310000 - 0x00007ff9de4a8000 	C:\Program Files\Android\Android Studio\jbr\bin\awt.dll
0x00007ffa822f0000 - 0x00007ffa82320000 	C:\WINDOWS\SYSTEM32\dwmapi.dll
0x00007ffa4a8c0000 - 0x00007ffa4a904000 	C:\Program Files\Android\Android Studio\jbr\bin\nvdaControllerClient64.dll
0x00007ffa81f40000 - 0x00007ffa81fdf000 	C:\WINDOWS\SYSTEM32\apphelp.dll
0x00007ffa82060000 - 0x00007ffa8210a000 	C:\WINDOWS\system32\uxtheme.dll
0x00007ffa894f0000 - 0x00007ffa8964e000 	C:\WINDOWS\System32\MSCTF.dll
0x00007ffa8a3a0000 - 0x00007ffa8a537000 	C:\WINDOWS\System32\ole32.dll

dbghelp: loaded successfully - version: 4.0.5 - missing functions: none
symbol engine: initialized successfully - sym options: 0x614 - pdb path: .;C:\Program Files\Android\Android Studio\jbr\bin;C:\WINDOWS\SYSTEM32;C:\WINDOWS\WinSxS\amd64_microsoft.windows.common-controls_6595b64144ccf1df_6.0.26100.7019_none_3e06ffa0e335b8a8;C:\Program Files\Android\Android Studio\jbr\bin\server;C:\Users\past9\.gradle\native\1def1411415f61bf3af743bc5b6707747c0891f09f0c88961ee8f79bc544acac\windows-amd64;C:\Users\past9\.gradle\native\0.2.7\x86_64-windows-gnu

VM Arguments:
jvm_args: --add-opens=java.base/java.lang=ALL-UNNAMED --add-opens=java.base/java.lang.invoke=ALL-UNNAMED --add-opens=java.base/java.util=ALL-UNNAMED --add-opens=java.prefs/java.util.prefs=ALL-UNNAMED --add-exports=jdk.compiler/com.sun.tools.javac.api=ALL-UNNAMED --add-exports=jdk.compiler/com.sun.tools.javac.util=ALL-UNNAMED --add-opens=java.base/java.util=ALL-UNNAMED --add-opens=java.prefs/java.util.prefs=ALL-UNNAMED --add-opens=java.base/java.nio.charset=ALL-UNNAMED --add-opens=java.base/java.net=ALL-UNNAMED --add-opens=java.base/java.util.concurrent.atomic=ALL-UNNAMED --add-opens=java.xml/javax.xml.namespace=ALL-UNNAMED -Xmx4g -Dfile.encoding=UTF-8 -Duser.country=US -Duser.language=en -Duser.variant -javaagent:C:\Users\past9\.gradle\wrapper\dists\gradle-8.13-bin\5xuhj0ry160q40clulazy9h7d\gradle-8.13\lib\agents\gradle-instrumentation-agent-8.13.jar 
java_command: org.gradle.launcher.daemon.bootstrap.GradleDaemon 8.13
java_class_path (initial): C:\Users\past9\.gradle\wrapper\dists\gradle-8.13-bin\5xuhj0ry160q40clulazy9h7d\gradle-8.13\lib\gradle-daemon-main-8.13.jar
Launcher Type: SUN_STANDARD

[Global flags]
     intx CICompilerCount                          = 3                                         {product} {ergonomic}
     uint ConcGCThreads                            = 1                                         {product} {ergonomic}
     uint G1ConcRefinementThreads                  = 4                                         {product} {ergonomic}
   size_t G1HeapRegionSize                         = 2097152                                   {product} {ergonomic}
    uintx GCDrainStackTargetSize                   = 64                                        {product} {ergonomic}
   size_t InitialHeapSize                          = 132120576                                 {product} {ergonomic}
   size_t MarkStackSize                            = 4194304                                   {product} {ergonomic}
   size_t MaxHeapSize                              = 4294967296                                {product} {command line}
   size_t MaxNewSize                               = 2575302656                                {product} {ergonomic}
   size_t MinHeapDeltaBytes                        = 2097152                                   {product} {ergonomic}
   size_t MinHeapSize                              = 8388608                                   {product} {ergonomic}
    uintx NonNMethodCodeHeapSize                   = 5832780                                {pd product} {ergonomic}
    uintx NonProfiledCodeHeapSize                  = 122912730                              {pd product} {ergonomic}
    uintx ProfiledCodeHeapSize                     = 122912730                              {pd product} {ergonomic}
    uintx ReservedCodeCacheSize                    = 251658240                              {pd product} {ergonomic}
     bool SegmentedCodeCache                       = true                                      {product} {ergonomic}
   size_t SoftMaxHeapSize                          = 4294967296                             {manageable} {ergonomic}
     bool UseCompressedOops                        = true                           {product lp64_product} {ergonomic}
     bool UseG1GC                                  = true                                      {product} {ergonomic}
     bool UseLargePagesIndividualAllocation        = false                                  {pd product} {ergonomic}

Logging:
Log output configuration:
 #0: stdout all=warning uptime,level,tags foldmultilines=false
 #1: stderr all=off uptime,level,tags foldmultilines=false

Environment Variables:
JAVA_HOME=C:\Program Files\Android\Android Studio\jbr
CLASSPATH=C:\Users\past9\OneDrive\Desktop\project\FFF\MemGallery\\gradle\wrapper\gradle-wrapper.jar
PATH=C:\WINDOWS\system32;C:\WINDOWS;C:\WINDOWS\System32\Wbem;C:\WINDOWS\System32\WindowsPowerShell\v1.0\;C:\WINDOWS\System32\OpenSSH\;C:\Program Files\dotnet\;C:\Program Files\nodejs\;C:\Program Files\Git\cmd;C:\Users\past9\.cargo\bin;C:\Users\past9\AppData\Local\Programs\Python\Launcher\;C:\Users\past9\AppData\Local\Microsoft\WindowsApps;C:\Users\past9\AppData\Roaming\npm;C:\Users\past9\AppData\Local\Programs\Microsoft VS Code\bin;C:\Users\past9\AppData\Local\Programs\Python\Python313\;C:\Users\past9\AppData\Local\Programs\Python\Python313\Scripts\;C:\Program Files\Android\Android Studio\jbr\bin;C:\Program Files\GitHub CLI\;C:\Users\past9\AppData\Local\Programs\Python\Launcher\;C:\Users\past9\AppData\Local\Microsoft\WindowsApps;C:\Users\past9\AppData\Roaming\npm;C:\Users\past9\AppData\Local\Programs\Python\Python313\;C:\Users\past9\AppData\Local\Programs\Python\Python313\Scripts\;C:\Users\past9\AppData\Local\Programs\MiKTeX\miktex\bin\x64\;C:\Users\past9\AppData\Local\Programs\Antigravity\bin
USERNAME=past9
OS=Windows_NT
PROCESSOR_IDENTIFIER=Intel64 Family 6 Model 142 Stepping 12, GenuineIntel
TMP=C:\Users\past9\AppData\Local\Temp
TEMP=C:\Users\past9\AppData\Local\Temp




Periodic native trim disabled

JNI global refs:
JNI global refs: 38, weak refs: 0

JNI global refs memory usage: 835, weak refs: 833

Process memory usage:
Resident Set Size: 1600524K (19% of 8236320K total physical memory with 650048K free physical memory)

OOME stack traces (most recent first):
Classloader memory used:
